#
# There is insufficient memory for the Java Runtime Environment to continue.
# Native memory allocation (malloc) failed to allocate 1052320 bytes for Chunk::new
# Possible reasons:
#   The system is out of physical RAM or swap space
#   The process is running with CompressedOops enabled, and the Java Heap may be blocking the growth of the native heap
# Possible solutions:
#   Reduce memory load on the system
#   Increase physical memory or swap space
#   Check if swap backing store is full
#   Decrease Java heap size (-Xmx/-Xms)
#   Decrease number of Java threads
#   Decrease Java thread stack sizes (-Xss)
#   Set larger code cache with -XX:ReservedCodeCacheSize=
#   JVM is running with Unscaled Compressed Oops mode in which the Java heap is
#     placed in the first 4GB address space. The Java Heap base address is the
#     maximum limit for the native heap growth. Please use -XX:HeapBaseMinAddress
#     to set the Java Heap base and to place the Java Heap above 4GB virtual address.
# This output file may be truncated or incomplete.
#
#  Out of Memory Error (arena.cpp:168), pid=12608, tid=3036
#
# JRE version: Java(TM) SE Runtime Environment (21.0.10+8) (build 21.0.10+8-LTS-217)
# Java VM: Java HotSpot(TM) 64-Bit Server VM (21.0.10+8-LTS-217, mixed mode, sharing, tiered, compressed oops, compressed class ptrs, g1 gc, windows-amd64)
# No core dump will be written. Minidumps are not enabled by default on client versions of Windows
#

---------------  S U M M A R Y ------------

Command Line: --add-opens=java.base/java.lang=ALL-UNNAMED --add-opens=java.base/java.lang.invoke=ALL-UNNAMED --add-opens=java.base/java.util=ALL-UNNAMED --add-opens=java.prefs/java.util.prefs=ALL-UNNAMED --add-exports=jdk.compiler/com.sun.tools.javac.api=ALL-UNNAMED --add-exports=jdk.compiler/com.sun.tools.javac.util=ALL-UNNAMED --add-opens=java.base/java.util=ALL-UNNAMED --add-opens=java.prefs/java.util.prefs=ALL-UNNAMED --add-opens=java.base/java.nio.charset=ALL-UNNAMED --add-opens=java.base/java.net=ALL-UNNAMED --add-opens=java.base/java.util.concurrent.atomic=ALL-UNNAMED --add-opens=java.xml/javax.xml.namespace=ALL-UNNAMED -XX:MaxMetaspaceSize=512m -Xmx2048m -Dfile.encoding=UTF-8 -Duser.country=IN -Duser.language=en -Duser.variant -javaagent:C:\Users\Aswin\.gradle\wrapper\dists\gradle-8.14.3-bin\cv11ve7ro1n3o1j4so8xd9n66\gradle-8.14.3\lib\agents\gradle-instrumentation-agent-8.14.3.jar org.gradle.launcher.daemon.bootstrap.GradleDaemon 8.14.3

Host: 12th Gen Intel(R) Core(TM) i5-1235U, 12 cores, 7G,  Windows 11 , 64 bit Build 26100 (10.0.26100.9278)
Time: Wed Sep  2 22:13:51 2026 India Standard Time elapsed time: 288.892045 seconds (0d 0h 4m 48s)

---------------  T H R E A D  ---------------

Current thread (0x000001ce1ffeb7b0):  JavaThread "C2 CompilerThread0" daemon [_thread_in_native, id=3036, stack(0x0000004c43200000,0x0000004c43300000) (1024K)]


Current CompileTask:
C2: 288893 46197       4       com.android.ide.common.blame.MergingLogPersistUtil$SourcePositionsSerializer::append (67 bytes)

Stack: [0x0000004c43200000,0x0000004c43300000]
Native frames: (J=compiled Java code, j=interpreted, Vv=VM code, C=native code)
V  [jvm.dll+0x6d0b59]
V  [jvm.dll+0x85fd56]
V  [jvm.dll+0x86224e]
V  [jvm.dll+0x862923]
V  [jvm.dll+0x282a16]
V  [jvm.dll+0xc662d]
V  [jvm.dll+0xc6b71]
V  [jvm.dll+0x3bbb5b]
V  [jvm.dll+0x387fd2]
V  [jvm.dll+0x38741a]
V  [jvm.dll+0x24b370]
V  [jvm.dll+0x24a94f]
V  [jvm.dll+0x1cacfe]
V  [jvm.dll+0x25a629]
V  [jvm.dll+0x258bb5]
V  [jvm.dll+0x3f4da1]
V  [jvm.dll+0x80a83d]
V  [jvm.dll+0x6cf3fd]
C  [ucrtbase.dll+0x2cd30]
C  [KERNEL32.DLL+0x2ccb7]
C  [ntdll.dll+0xacaec]


---------------  P R O C E S S  ---------------

Threads class SMR info:
_java_thread_list=0x000001ce561a1160, length=253, elements={
0x000001ce00f58350, 0x000001ce1ffb3ed0, 0x000001ce1ffb4930, 0x000001ce1ffbb4f0,
0x000001ce1ffbc890, 0x000001ce1ffbf430, 0x000001ce1ffe04b0, 0x000001ce1ffeb7b0,
0x000001ce1ffed670, 0x000001ce3f2cede0, 0x000001ce3f308d20, 0x000001ce40cbbe80,
0x000001ce40a23c20, 0x000001ce40be6230, 0x000001ce40e58770, 0x000001ce40e57360,
0x000001ce40d291c0, 0x000001ce40d332e0, 0x000001ce40d34000, 0x000001ce40d34690,
0x000001ce40d31f30, 0x000001ce40d33970, 0x000001ce40d325c0, 0x000001ce40d34d20,
0x000001ce40d318a0, 0x000001ce41701410, 0x000001ce416fecb0, 0x000001ce416fdf90,
0x000001ce416ff340, 0x000001ce417027c0, 0x000001ce41701aa0, 0x000001ce416ff9d0,
0x000001ce41700d80, 0x000001ce417034e0, 0x000001ce417055b0, 0x000001ce4311d760,
0x000001ce4311eb10, 0x000001ce4311ddf0, 0x000001ce4311c3b0, 0x000001ce4311e480,
0x000001ce4311ca40, 0x000001ce3f3e8810, 0x000001ce3f3e9530, 0x000001ce3f3e9bc0,
0x000001ce3f3e7af0, 0x000001ce3f3e8ea0, 0x000001ce3f3ea250, 0x000001ce3f3ea8e0,
0x000001ce3f3e8180, 0x000001ce4419a1c0, 0x000001ce44199b30, 0x000001ce441980f0,
0x000001ce441973d0, 0x000001ce44196d40, 0x000001ce44198780, 0x000001ce44197a60,
0x000001ce4419b570, 0x000001ce4419a850, 0x000001ce4419bc00, 0x000001ce44198e10,
0x000001ce4419c290, 0x000001ce4419c920, 0x000001ce441994a0, 0x000001ce4419cfb0,
0x000001ce4419d640, 0x000001ce4419dcd0, 0x000001ce4419e360, 0x000001ce4419aee0,
0x000001ce42b49f60, 0x000001ce42b48520, 0x000001ce42b4a5f0, 0x000001ce42b47170,
0x000001ce42b498d0, 0x000001ce42b48bb0, 0x000001ce42b4b310, 0x000001ce42b4c030,
0x000001ce42b4e790, 0x000001ce42b4cd50, 0x000001ce42b4e100, 0x000001ce42b4d3e0,
0x000001ce42b4da70, 0x000001ce42a836b0, 0x000001ce42a85780, 0x000001ce42a83020,
0x000001ce42a85e10, 0x000001ce42a864a0, 0x000001ce42a83d40, 0x000001ce42a843d0,
0x000001ce42a84a60, 0x000001ce42a850f0, 0x000001ce44b1d360, 0x000001ce44b1fac0,
0x000001ce44b1d9f0, 0x000001ce44b1eda0, 0x000001ce44b1e710, 0x000001ce44b1e080,
0x000001ce44b1f430, 0x000001ce44b1c640, 0x000001ce44b20150, 0x000001ce44b1ccd0,
0x000001ce44b23c60, 0x000001ce44b207e0, 0x000001ce44b21b90, 0x000001ce44b20e70,
0x000001ce44b228b0, 0x000001ce44b22f40, 0x000001ce44b235d0, 0x000001ce44b21500,
0x000001ce44b22220, 0x000001ce427ccf20, 0x000001ce427ce2d0, 0x000001ce427cc200,
0x000001ce427ce960, 0x000001ce427cc890, 0x000001ce427d03a0, 0x000001ce427d0a30,
0x000001ce427cd5b0, 0x000001ce427d10c0, 0x000001ce427cdc40, 0x000001ce427d3820,
0x000001ce45f645b0, 0x000001ce45f66d10, 0x000001ce45f673a0, 0x000001ce45f64c40,
0x000001ce45f63f20, 0x000001ce45f652d0, 0x000001ce45f65960, 0x000001ce45f66680,
0x000001ce45f65ff0, 0x000001ce43e84830, 0x000001ce43e83b10, 0x000001ce43e841a0,
0x000001ce43e84ec0, 0x000001ce43e83480, 0x000001ce43e85550, 0x000001ce43e85be0,
0x000001ce43e86270, 0x000001ce43e82df0, 0x000001ce43e896f0, 0x000001ce43e88340,
0x000001ce43e87620, 0x000001ce43e889d0, 0x000001ce43e86f90, 0x000001ce43e87cb0,
0x000001ce43e89060, 0x000001ce43e89d80, 0x000001ce43e86900, 0x000001ce43e8a410,
0x000001ce4509c0e0, 0x000001ce4509e1b0, 0x000001ce4509d490, 0x000001ce4509ad30,
0x000001ce4509c770, 0x000001ce4509e840, 0x000001ce4509ba50, 0x000001ce4509b3c0,
0x000001ce4509eed0, 0x000001ce4509f560, 0x000001ce4509db20, 0x000001ce4509fbf0,
0x000001ce450a0280, 0x000001ce4509ce00, 0x000001ce450a2350, 0x000001ce450a0910,
0x000001ce450a0fa0, 0x000001ce450a1630, 0x000001ce450a1cc0, 0x000001ce457126f0,
0x000001ce45713aa0, 0x000001ce45712d80, 0x000001ce45714130, 0x000001ce45714e50,
0x000001ce45713410, 0x000001ce457147c0, 0x000001ce457154e0, 0x000001ce45712060,
0x000001ce457182d0, 0x000001ce45717c40, 0x000001ce45716200, 0x000001ce4571c470,
0x000001ce4571ff80, 0x000001ce4571d190, 0x000001ce45720ca0, 0x000001ce45721330,
0x000001ce439a1060, 0x000001ce439a3e50, 0x000001ce439a16f0, 0x000001ce439a8d10,
0x000001ce457175b0, 0x000001ce45718960, 0x000001ce45719d10, 0x000001ce4571cb00,
0x000001ce4571b750, 0x000001ce45719680, 0x000001ce439a5f20, 0x000001ce439a8680,
0x000001ce439a9a30, 0x000001ce439a7ff0, 0x000001ce462f93c0, 0x000001ce462fdbf0,
0x000001ce462fefa0, 0x000001ce46300350, 0x000001ce462fe280, 0x000001ce463009e0,
0x000001ce462fd560, 0x000001ce4e2b9b70, 0x000001ce4e2bc960, 0x000001ce4db747b0,
0x000001ce4cf9d090, 0x000001ce4400d5d0, 0x000001ce4400f010, 0x000001ce4b2904b0,
0x000001ce4cf20200, 0x000001ce4cf9b650, 0x000001ce4cf9c370, 0x000001ce4db726e0,
0x000001ce4667f620, 0x000001ce4cdd4080, 0x000001ce4cdd4da0, 0x000001ce4cdd5430,
0x000001ce4cdd4710, 0x000001ce4cdd2cd0, 0x000001ce4e2baf20, 0x000001ce4e2bb5b0,
0x000001ce4e2bbc40, 0x000001ce4e2bc2d0, 0x000001ce4e2bcff0, 0x000001ce542b8ad0,
0x000001ce4e6a93a0, 0x000001ce4efe91d0, 0x000001ce5414b130, 0x000001ce5414be50,
0x000001ce4efe84b0, 0x000001ce4efe7790, 0x000001ce4d28c350, 0x000001ce4d28c9e0,
0x000001ce5414c4e0, 0x000001ce5414d890, 0x000001ce4efe7100, 0x000001ce4efe8b40,
0x000001ce4efe7e20, 0x000001ce4efe9860, 0x000001ce542b9160, 0x000001ce56b5da90,
0x000001ce4d363420, 0x000001ce4400dc60, 0x000001ce4400cf40, 0x000001ce4400f6a0,
0x000001ce57133800, 0x000001ce4ce47a00, 0x000001ce545c8050, 0x000001ce545ca120,
0x000001ce4b2babc0
}

Java Threads: ( => current thread )
  0x000001ce00f58350 JavaThread "main"                              [_thread_blocked, id=11840, stack(0x0000004c42400000,0x0000004c42500000) (1024K)]
  0x000001ce1ffb3ed0 JavaThread "Reference Handler"          daemon [_thread_blocked, id=14004, stack(0x0000004c42c00000,0x0000004c42d00000) (1024K)]
  0x000001ce1ffb4930 JavaThread "Finalizer"                  daemon [_thread_blocked, id=14084, stack(0x0000004c42d00000,0x0000004c42e00000) (1024K)]
  0x000001ce1ffbb4f0 JavaThread "Signal Dispatcher"          daemon [_thread_blocked, id=14780, stack(0x0000004c42e00000,0x0000004c42f00000) (1024K)]
  0x000001ce1ffbc890 JavaThread "Attach Listener"            daemon [_thread_blocked, id=15864, stack(0x0000004c42f00000,0x0000004c43000000) (1024K)]
  0x000001ce1ffbf430 JavaThread "Service Thread"             daemon [_thread_blocked, id=7636, stack(0x0000004c43000000,0x0000004c43100000) (1024K)]
  0x000001ce1ffe04b0 JavaThread "Monitor Deflation Thread"   daemon [_thread_blocked, id=12904, stack(0x0000004c43100000,0x0000004c43200000) (1024K)]
=>0x000001ce1ffeb7b0 JavaThread "C2 CompilerThread0"         daemon [_thread_in_native, id=3036, stack(0x0000004c43200000,0x0000004c43300000) (1024K)]
  0x000001ce1ffed670 JavaThread "C1 CompilerThread0"         daemon [_thread_blocked, id=9344, stack(0x0000004c43300000,0x0000004c43400000) (1024K)]
  0x000001ce3f2cede0 JavaThread "Common-Cleaner"             daemon [_thread_blocked, id=5112, stack(0x0000004c43400000,0x0000004c43500000) (1024K)]
  0x000001ce3f308d20 JavaThread "Notification Thread"        daemon [_thread_blocked, id=4244, stack(0x0000004c43500000,0x0000004c43600000) (1024K)]
  0x000001ce40cbbe80 JavaThread "Daemon health stats"               [_thread_blocked, id=16724, stack(0x0000004c43a00000,0x0000004c43b00000) (1024K)]
  0x000001ce40a23c20 JavaThread "Incoming local TCP Connector on port 1885"        [_thread_in_native, id=2720, stack(0x0000004c43f00000,0x0000004c44000000) (1024K)]
  0x000001ce40be6230 JavaThread "Daemon periodic checks"            [_thread_blocked, id=16688, stack(0x0000004c44000000,0x0000004c44100000) (1024K)]
  0x000001ce40e58770 JavaThread "Daemon"                            [_thread_blocked, id=12412, stack(0x0000004c44100000,0x0000004c44200000) (1024K)]
  0x000001ce40e57360 JavaThread "Handler for socket connection from /127.0.0.1:1885 to /127.0.0.1:1886"        [_thread_in_native, id=10472, stack(0x0000004c44200000,0x0000004c44300000) (1024K)]
  0x000001ce40d291c0 JavaThread "Cancel handler"                    [_thread_blocked, id=14908, stack(0x0000004c44300000,0x0000004c44400000) (1024K)]
  0x000001ce40d332e0 JavaThread "Daemon worker"                     [_thread_blocked, id=3900, stack(0x0000004c44400000,0x0000004c44500000) (1024K)]
  0x000001ce40d34000 JavaThread "Asynchronous log dispatcher for DefaultDaemonConnection: socket connection from /127.0.0.1:1885 to /127.0.0.1:1886"        [_thread_blocked, id=18172, stack(0x0000004c44500000,0x0000004c44600000) (1024K)]
  0x000001ce40d34690 JavaThread "Stdin handler"                     [_thread_blocked, id=16964, stack(0x0000004c44600000,0x0000004c44700000) (1024K)]
  0x000001ce40d31f30 JavaThread "Daemon client event forwarder"        [_thread_blocked, id=11448, stack(0x0000004c44700000,0x0000004c44800000) (1024K)]
  0x000001ce40d33970 JavaThread "Cache worker for journal cache (C:\Users\Aswin\.gradle\caches\journal-1)"        [_thread_blocked, id=3372, stack(0x0000004c44800000,0x0000004c44900000) (1024K)]
  0x000001ce40d325c0 JavaThread "File lock request listener"        [_thread_in_native, id=3480, stack(0x0000004c44900000,0x0000004c44a00000) (1024K)]
  0x000001ce40d34d20 JavaThread "Cache worker for file hash cache (C:\Users\Aswin\.gradle\caches\8.14.3\fileHashes)"        [_thread_blocked, id=17752, stack(0x0000004c44a00000,0x0000004c44b00000) (1024K)]
  0x000001ce40d318a0 JavaThread "Cache worker for file hash cache (D:\Farmer_app\android\.gradle\8.14.3\fileHashes)"        [_thread_blocked, id=1876, stack(0x0000004c44e00000,0x0000004c44f00000) (1024K)]
  0x000001ce41701410 JavaThread "Cache worker for Build Output Cleanup Cache (D:\Farmer_app\android\.gradle\buildOutputCleanup)"        [_thread_blocked, id=15732, stack(0x0000004c44f00000,0x0000004c45000000) (1024K)]
  0x000001ce416fecb0 JavaThread "File watcher server"        daemon [_thread_in_native, id=17108, stack(0x0000004c45000000,0x0000004c45100000) (1024K)]
  0x000001ce416fdf90 JavaThread "File watcher consumer"      daemon [_thread_blocked, id=10076, stack(0x0000004c45100000,0x0000004c45200000) (1024K)]
  0x000001ce416ff340 JavaThread "jar transforms"                    [_thread_blocked, id=13588, stack(0x0000004c45200000,0x0000004c45300000) (1024K)]
  0x000001ce417027c0 JavaThread "Cache worker for checksums cache (D:\Farmer_app\android\.gradle\8.14.3\checksums)"        [_thread_blocked, id=12128, stack(0x0000004c45300000,0x0000004c45400000) (1024K)]
  0x000001ce41701aa0 JavaThread "Cache worker for file content cache (C:\Users\Aswin\.gradle\caches\8.14.3\fileContent)"        [_thread_blocked, id=13996, stack(0x0000004c45400000,0x0000004c45500000) (1024K)]
  0x000001ce416ff9d0 JavaThread "Cache worker for cache directory md-supplier (C:\Users\Aswin\.gradle\caches\8.14.3\md-supplier)"        [_thread_blocked, id=12884, stack(0x0000004c45800000,0x0000004c45900000) (1024K)]
  0x000001ce41700d80 JavaThread "Cache worker for cache directory md-rule (C:\Users\Aswin\.gradle\caches\8.14.3\md-rule)"        [_thread_blocked, id=17032, stack(0x0000004c45900000,0x0000004c45a00000) (1024K)]
  0x000001ce417034e0 JavaThread "Cache worker for Build Output Cleanup Cache (D:\Farmer_app\node_modules\@react-native\gradle-plugin\.gradle\buildOutputCleanup)"        [_thread_blocked, id=4820, stack(0x0000004c45b00000,0x0000004c45c00000) (1024K)]
  0x000001ce417055b0 JavaThread "Unconstrained build operations"        [_thread_blocked, id=11592, stack(0x0000004c45a00000,0x0000004c45b00000) (1024K)]
  0x000001ce4311d760 JavaThread "Unconstrained build operations Thread 2"        [_thread_blocked, id=7224, stack(0x0000004c45c00000,0x0000004c45d00000) (1024K)]
  0x000001ce4311eb10 JavaThread "Unconstrained build operations Thread 3"        [_thread_blocked, id=2232, stack(0x0000004c45d00000,0x0000004c45e00000) (1024K)]
  0x000001ce4311ddf0 JavaThread "Unconstrained build operations Thread 4"        [_thread_blocked, id=2452, stack(0x0000004c45e00000,0x0000004c45f00000) (1024K)]
  0x000001ce4311c3b0 JavaThread "Unconstrained build operations Thread 5"        [_thread_blocked, id=9976, stack(0x0000004c45f00000,0x0000004c46000000) (1024K)]
  0x000001ce4311e480 JavaThread "Unconstrained build operations Thread 6"        [_thread_blocked, id=4704, stack(0x0000004c46000000,0x0000004c46100000) (1024K)]
  0x000001ce4311ca40 JavaThread "Cache worker for Build Output Cleanup Cache (D:\Farmer_app\node_modules\expo-modules-autolinking\android\expo-gradle-plugin\.gradle\buildOutputCleanup)"        [_thread_blocked, id=784, stack(0x0000004c46100000,0x0000004c46200000) (1024K)]
  0x000001ce3f3e8810 JavaThread "Unconstrained build operations Thread 7"        [_thread_blocked, id=6724, stack(0x0000004c46300000,0x0000004c46400000) (1024K)]
  0x000001ce3f3e9530 JavaThread "Unconstrained build operations Thread 8"        [_thread_blocked, id=17728, stack(0x0000004c46400000,0x0000004c46500000) (1024K)]
  0x000001ce3f3e9bc0 JavaThread "Unconstrained build operations Thread 9"        [_thread_blocked, id=7796, stack(0x0000004c46500000,0x0000004c46600000) (1024K)]
  0x000001ce3f3e7af0 JavaThread "Unconstrained build operations Thread 10"        [_thread_blocked, id=7608, stack(0x0000004c46600000,0x0000004c46700000) (1024K)]
  0x000001ce3f3e8ea0 JavaThread "Unconstrained build operations Thread 11"        [_thread_blocked, id=5108, stack(0x0000004c46700000,0x0000004c46800000) (1024K)]
  0x000001ce3f3ea250 JavaThread "Unconstrained build operations Thread 12"        [_thread_blocked, id=15132, stack(0x0000004c46800000,0x0000004c46900000) (1024K)]
  0x000001ce3f3ea8e0 JavaThread "Unconstrained build operations Thread 13"        [_thread_blocked, id=9148, stack(0x0000004c46900000,0x0000004c46a00000) (1024K)]
  0x000001ce3f3e8180 JavaThread "Unconstrained build operations Thread 14"        [_thread_blocked, id=18100, stack(0x0000004c46a00000,0x0000004c46b00000) (1024K)]
  0x000001ce4419a1c0 JavaThread "Unconstrained build operations Thread 15"        [_thread_blocked, id=4340, stack(0x0000004c46b00000,0x0000004c46c00000) (1024K)]
  0x000001ce44199b30 JavaThread "Unconstrained build operations Thread 16"        [_thread_blocked, id=16320, stack(0x0000004c46c00000,0x0000004c46d00000) (1024K)]
  0x000001ce441980f0 JavaThread "Unconstrained build operations Thread 17"        [_thread_blocked, id=12620, stack(0x0000004c46d00000,0x0000004c46e00000) (1024K)]
  0x000001ce441973d0 JavaThread "Unconstrained build operations Thread 18"        [_thread_blocked, id=18112, stack(0x0000004c46e00000,0x0000004c46f00000) (1024K)]
  0x000001ce44196d40 JavaThread "Unconstrained build operations Thread 19"        [_thread_blocked, id=18268, stack(0x0000004c46f00000,0x0000004c47000000) (1024K)]
  0x000001ce44198780 JavaThread "Unconstrained build operations Thread 20"        [_thread_blocked, id=1872, stack(0x0000004c47000000,0x0000004c47100000) (1024K)]
  0x000001ce44197a60 JavaThread "Unconstrained build operations Thread 21"        [_thread_blocked, id=2848, stack(0x0000004c47100000,0x0000004c47200000) (1024K)]
  0x000001ce4419b570 JavaThread "Unconstrained build operations Thread 22"        [_thread_blocked, id=15696, stack(0x0000004c47200000,0x0000004c47300000) (1024K)]
  0x000001ce4419a850 JavaThread "Unconstrained build operations Thread 23"        [_thread_blocked, id=7508, stack(0x0000004c47300000,0x0000004c47400000) (1024K)]
  0x000001ce4419bc00 JavaThread "Unconstrained build operations Thread 24"        [_thread_blocked, id=17268, stack(0x0000004c47400000,0x0000004c47500000) (1024K)]
  0x000001ce44198e10 JavaThread "Unconstrained build operations Thread 25"        [_thread_blocked, id=10148, stack(0x0000004c47500000,0x0000004c47600000) (1024K)]
  0x000001ce4419c290 JavaThread "Unconstrained build operations Thread 26"        [_thread_blocked, id=8308, stack(0x0000004c47600000,0x0000004c47700000) (1024K)]
  0x000001ce4419c920 JavaThread "Unconstrained build operations Thread 27"        [_thread_blocked, id=12912, stack(0x0000004c47700000,0x0000004c47800000) (1024K)]
  0x000001ce441994a0 JavaThread "Unconstrained build operations Thread 28"        [_thread_blocked, id=9124, stack(0x0000004c47800000,0x0000004c47900000) (1024K)]
  0x000001ce4419cfb0 JavaThread "Unconstrained build operations Thread 29"        [_thread_blocked, id=13696, stack(0x0000004c47900000,0x0000004c47a00000) (1024K)]
  0x000001ce4419d640 JavaThread "Unconstrained build operations Thread 30"        [_thread_blocked, id=2292, stack(0x0000004c47a00000,0x0000004c47b00000) (1024K)]
  0x000001ce4419dcd0 JavaThread "Unconstrained build operations Thread 31"        [_thread_blocked, id=13344, stack(0x0000004c47b00000,0x0000004c47c00000) (1024K)]
  0x000001ce4419e360 JavaThread "Unconstrained build operations Thread 32"        [_thread_blocked, id=16488, stack(0x0000004c47c00000,0x0000004c47d00000) (1024K)]
  0x000001ce4419aee0 JavaThread "Unconstrained build operations Thread 33"        [_thread_blocked, id=17164, stack(0x0000004c47d00000,0x0000004c47e00000) (1024K)]
  0x000001ce42b49f60 JavaThread "Unconstrained build operations Thread 34"        [_thread_blocked, id=13308, stack(0x0000004c47e00000,0x0000004c47f00000) (1024K)]
  0x000001ce42b48520 JavaThread "Unconstrained build operations Thread 35"        [_thread_blocked, id=17884, stack(0x0000004c47f00000,0x0000004c48000000) (1024K)]
  0x000001ce42b4a5f0 JavaThread "Unconstrained build operations Thread 36"        [_thread_blocked, id=17016, stack(0x0000004c48000000,0x0000004c48100000) (1024K)]
  0x000001ce42b47170 JavaThread "Unconstrained build operations Thread 37"        [_thread_blocked, id=15364, stack(0x0000004c48100000,0x0000004c48200000) (1024K)]
  0x000001ce42b498d0 JavaThread "Unconstrained build operations Thread 38"        [_thread_blocked, id=10060, stack(0x0000004c48200000,0x0000004c48300000) (1024K)]
  0x000001ce42b48bb0 JavaThread "Unconstrained build operations Thread 39"        [_thread_blocked, id=15676, stack(0x0000004c48300000,0x0000004c48400000) (1024K)]
  0x000001ce42b4b310 JavaThread "build event listener"              [_thread_blocked, id=1420, stack(0x0000004c48400000,0x0000004c48500000) (1024K)]
  0x000001ce42b4c030 JavaThread "Memory manager"                    [_thread_blocked, id=10860, stack(0x0000004c46200000,0x0000004c46300000) (1024K)]
  0x000001ce42b4e790 JavaThread "Unconstrained build operations Thread 40"        [_thread_blocked, id=13348, stack(0x0000004c48500000,0x0000004c48600000) (1024K)]
  0x000001ce42b4cd50 JavaThread "Unconstrained build operations Thread 41"        [_thread_blocked, id=976, stack(0x0000004c48600000,0x0000004c48700000) (1024K)]
  0x000001ce42b4e100 JavaThread "Unconstrained build operations Thread 42"        [_thread_blocked, id=17172, stack(0x0000004c48700000,0x0000004c48800000) (1024K)]
  0x000001ce42b4d3e0 JavaThread "Unconstrained build operations Thread 43"        [_thread_blocked, id=5684, stack(0x0000004c48800000,0x0000004c48900000) (1024K)]
  0x000001ce42b4da70 JavaThread "Unconstrained build operations Thread 44"        [_thread_blocked, id=17064, stack(0x0000004c48900000,0x0000004c48a00000) (1024K)]
  0x000001ce42a836b0 JavaThread "Unconstrained build operations Thread 45"        [_thread_blocked, id=3004, stack(0x0000004c48a00000,0x0000004c48b00000) (1024K)]
  0x000001ce42a85780 JavaThread "Unconstrained build operations Thread 46"        [_thread_blocked, id=3812, stack(0x0000004c48b00000,0x0000004c48c00000) (1024K)]
  0x000001ce42a83020 JavaThread "Unconstrained build operations Thread 47"        [_thread_blocked, id=9492, stack(0x0000004c48c00000,0x0000004c48d00000) (1024K)]
  0x000001ce42a85e10 JavaThread "Unconstrained build operations Thread 48"        [_thread_blocked, id=16768, stack(0x0000004c48d00000,0x0000004c48e00000) (1024K)]
  0x000001ce42a864a0 JavaThread "Unconstrained build operations Thread 49"        [_thread_blocked, id=16072, stack(0x0000004c48e00000,0x0000004c48f00000) (1024K)]
  0x000001ce42a83d40 JavaThread "Unconstrained build operations Thread 50"        [_thread_blocked, id=14772, stack(0x0000004c48f00000,0x0000004c49000000) (1024K)]
  0x000001ce42a843d0 JavaThread "build event listener"              [_thread_blocked, id=2084, stack(0x0000004c49000000,0x0000004c49100000) (1024K)]
  0x000001ce42a84a60 JavaThread "Unconstrained build operations Thread 51"        [_thread_blocked, id=7628, stack(0x0000004c49100000,0x0000004c49200000) (1024K)]
  0x000001ce42a850f0 JavaThread "Unconstrained build operations Thread 52"        [_thread_blocked, id=17368, stack(0x0000004c49200000,0x0000004c49300000) (1024K)]
  0x000001ce44b1d360 JavaThread "Unconstrained build operations Thread 53"        [_thread_blocked, id=16868, stack(0x0000004c49300000,0x0000004c49400000) (1024K)]
  0x000001ce44b1fac0 JavaThread "Unconstrained build operations Thread 54"        [_thread_blocked, id=8224, stack(0x0000004c49400000,0x0000004c49500000) (1024K)]
  0x000001ce44b1d9f0 JavaThread "Unconstrained build operations Thread 55"        [_thread_blocked, id=10088, stack(0x0000004c49500000,0x0000004c49600000) (1024K)]
  0x000001ce44b1eda0 JavaThread "Unconstrained build operations Thread 56"        [_thread_blocked, id=700, stack(0x0000004c49600000,0x0000004c49700000) (1024K)]
  0x000001ce44b1e710 JavaThread "Unconstrained build operations Thread 57"        [_thread_blocked, id=17168, stack(0x0000004c49700000,0x0000004c49800000) (1024K)]
  0x000001ce44b1e080 JavaThread "Unconstrained build operations Thread 58"        [_thread_blocked, id=2676, stack(0x0000004c49800000,0x0000004c49900000) (1024K)]
  0x000001ce44b1f430 JavaThread "Unconstrained build operations Thread 59"        [_thread_blocked, id=16636, stack(0x0000004c49900000,0x0000004c49a00000) (1024K)]
  0x000001ce44b1c640 JavaThread "Unconstrained build operations Thread 60"        [_thread_blocked, id=8820, stack(0x0000004c49a00000,0x0000004c49b00000) (1024K)]
  0x000001ce44b20150 JavaThread "Unconstrained build operations Thread 61"        [_thread_blocked, id=13112, stack(0x0000004c49b00000,0x0000004c49c00000) (1024K)]
  0x000001ce44b1ccd0 JavaThread "Unconstrained build operations Thread 62"        [_thread_blocked, id=11728, stack(0x0000004c49c00000,0x0000004c49d00000) (1024K)]
  0x000001ce44b23c60 JavaThread "Unconstrained build operations Thread 63"        [_thread_blocked, id=11936, stack(0x0000004c49d00000,0x0000004c49e00000) (1024K)]
  0x000001ce44b207e0 JavaThread "Unconstrained build operations Thread 64"        [_thread_blocked, id=3836, stack(0x0000004c49e00000,0x0000004c49f00000) (1024K)]
  0x000001ce44b21b90 JavaThread "Unconstrained build operations Thread 65"        [_thread_blocked, id=10952, stack(0x0000004c49f00000,0x0000004c4a000000) (1024K)]
  0x000001ce44b20e70 JavaThread "Unconstrained build operations Thread 66"        [_thread_blocked, id=7180, stack(0x0000004c4a000000,0x0000004c4a100000) (1024K)]
  0x000001ce44b228b0 JavaThread "Unconstrained build operations Thread 67"        [_thread_blocked, id=17720, stack(0x0000004c4a100000,0x0000004c4a200000) (1024K)]
  0x000001ce44b22f40 JavaThread "Unconstrained build operations Thread 68"        [_thread_blocked, id=1020, stack(0x0000004c4a200000,0x0000004c4a300000) (1024K)]
  0x000001ce44b235d0 JavaThread "Unconstrained build operations Thread 69"        [_thread_blocked, id=11332, stack(0x0000004c4a300000,0x0000004c4a400000) (1024K)]
  0x000001ce44b21500 JavaThread "Unconstrained build operations Thread 70"        [_thread_blocked, id=10712, stack(0x0000004c4a400000,0x0000004c4a500000) (1024K)]
  0x000001ce44b22220 JavaThread "Unconstrained build operations Thread 71"        [_thread_blocked, id=4308, stack(0x0000004c4a500000,0x0000004c4a600000) (1024K)]
  0x000001ce427ccf20 JavaThread "Unconstrained build operations Thread 72"        [_thread_blocked, id=1516, stack(0x0000004c4a600000,0x0000004c4a700000) (1024K)]
  0x000001ce427ce2d0 JavaThread "Unconstrained build operations Thread 73"        [_thread_blocked, id=13280, stack(0x0000004c4a700000,0x0000004c4a800000) (1024K)]
  0x000001ce427cc200 JavaThread "Unconstrained build operations Thread 74"        [_thread_blocked, id=3312, stack(0x0000004c4a800000,0x0000004c4a900000) (1024K)]
  0x000001ce427ce960 JavaThread "ForkJoinPool.commonPool-worker-2" daemon [_thread_blocked, id=18088, stack(0x0000004c4aa00000,0x0000004c4ab00000) (1024K)]
  0x000001ce427cc890 JavaThread "ForkJoinPool.commonPool-worker-3" daemon [_thread_blocked, id=16292, stack(0x0000004c4ab00000,0x0000004c4ac00000) (1024K)]
  0x000001ce427d03a0 JavaThread "ForkJoinPool.commonPool-worker-4" daemon [_thread_blocked, id=12152, stack(0x0000004c4ac00000,0x0000004c4ad00000) (1024K)]
  0x000001ce427d0a30 JavaThread "ForkJoinPool.commonPool-worker-5" daemon [_thread_blocked, id=12748, stack(0x0000004c4ad00000,0x0000004c4ae00000) (1024K)]
  0x000001ce427cd5b0 JavaThread "ForkJoinPool.commonPool-worker-8" daemon [_thread_blocked, id=13988, stack(0x0000004c4b000000,0x0000004c4b100000) (1024K)]
  0x000001ce427d10c0 JavaThread "ForkJoinPool.commonPool-worker-9" daemon [_thread_blocked, id=9200, stack(0x0000004c4b100000,0x0000004c4b200000) (1024K)]
  0x000001ce427cdc40 JavaThread "ForkJoinPool.commonPool-worker-10" daemon [_thread_blocked, id=7064, stack(0x0000004c4b200000,0x0000004c4b300000) (1024K)]
  0x000001ce427d3820 JavaThread "included builds Thread 2"          [_thread_blocked, id=14172, stack(0x0000004c4b700000,0x0000004c4b800000) (1024K)]
  0x000001ce45f645b0 JavaThread "Execution worker"                  [_thread_blocked, id=3472, stack(0x0000004c4b800000,0x0000004c4b900000) (1024K)]
  0x000001ce45f66d10 JavaThread "Execution worker Thread 2"         [_thread_blocked, id=12820, stack(0x0000004c4b900000,0x0000004c4ba00000) (1024K)]
  0x000001ce45f673a0 JavaThread "Execution worker Thread 3"         [_thread_blocked, id=12368, stack(0x0000004c4ba00000,0x0000004c4bb00000) (1024K)]
  0x000001ce45f64c40 JavaThread "Execution worker Thread 4"         [_thread_blocked, id=13336, stack(0x0000004c4bb00000,0x0000004c4bc00000) (1024K)]
  0x000001ce45f63f20 JavaThread "Execution worker Thread 5"         [_thread_blocked, id=10868, stack(0x0000004c4bc00000,0x0000004c4bd00000) (1024K)]
  0x000001ce45f652d0 JavaThread "Execution worker Thread 6"         [_thread_blocked, id=5084, stack(0x0000004c4bd00000,0x0000004c4be00000) (1024K)]
  0x000001ce45f65960 JavaThread "Execution worker Thread 7"         [_thread_blocked, id=3516, stack(0x0000004c4be00000,0x0000004c4bf00000) (1024K)]
  0x000001ce45f66680 JavaThread "Execution worker Thread 8"         [_thread_in_native, id=15868, stack(0x0000004c4bf00000,0x0000004c4c000000) (1024K)]
  0x000001ce45f65ff0 JavaThread "Execution worker Thread 9"         [_thread_blocked, id=15756, stack(0x0000004c4c000000,0x0000004c4c100000) (1024K)]
  0x000001ce43e84830 JavaThread "Execution worker Thread 10"        [_thread_blocked, id=3896, stack(0x0000004c4c100000,0x0000004c4c200000) (1024K)]
  0x000001ce43e83b10 JavaThread "Execution worker Thread 11"        [_thread_blocked, id=14356, stack(0x0000004c4c200000,0x0000004c4c300000) (1024K)]
  0x000001ce43e841a0 JavaThread "Cache worker for execution history cache (D:\Farmer_app\node_modules\expo-modules-autolinking\android\expo-gradle-plugin\.gradle\8.14.3\executionHistory)"        [_thread_blocked, id=7488, stack(0x0000004c4c300000,0x0000004c4c400000) (1024K)]
  0x000001ce43e84ec0 JavaThread "Cache worker for execution history cache (D:\Farmer_app\node_modules\@react-native\gradle-plugin\.gradle\8.14.3\executionHistory)"        [_thread_blocked, id=13440, stack(0x0000004c4c400000,0x0000004c4c500000) (1024K)]
  0x000001ce43e83480 JavaThread "Unconstrained build operations Thread 75"        [_thread_blocked, id=15872, stack(0x0000004c4c500000,0x0000004c4c600000) (1024K)]
  0x000001ce43e85550 JavaThread "Unconstrained build operations Thread 76"        [_thread_blocked, id=12172, stack(0x0000004c4c600000,0x0000004c4c700000) (1024K)]
  0x000001ce43e85be0 JavaThread "Unconstrained build operations Thread 77"        [_thread_blocked, id=15448, stack(0x0000004c4c700000,0x0000004c4c800000) (1024K)]
  0x000001ce43e86270 JavaThread "Unconstrained build operations Thread 78"        [_thread_blocked, id=5468, stack(0x0000004c4c800000,0x0000004c4c900000) (1024K)]
  0x000001ce43e82df0 JavaThread "Unconstrained build operations Thread 79"        [_thread_blocked, id=2836, stack(0x0000004c4c900000,0x0000004c4ca00000) (1024K)]
  0x000001ce43e896f0 JavaThread "Unconstrained build operations Thread 80"        [_thread_blocked, id=8168, stack(0x0000004c4ca00000,0x0000004c4cb00000) (1024K)]
  0x000001ce43e88340 JavaThread "Unconstrained build operations Thread 81"        [_thread_blocked, id=13224, stack(0x0000004c4cb00000,0x0000004c4cc00000) (1024K)]
  0x000001ce43e87620 JavaThread "Unconstrained build operations Thread 82"        [_thread_blocked, id=12840, stack(0x0000004c4cc00000,0x0000004c4cd00000) (1024K)]
  0x000001ce43e889d0 JavaThread "Unconstrained build operations Thread 83"        [_thread_blocked, id=676, stack(0x0000004c4cd00000,0x0000004c4ce00000) (1024K)]
  0x000001ce43e86f90 JavaThread "Unconstrained build operations Thread 84"        [_thread_blocked, id=13328, stack(0x0000004c4ce00000,0x0000004c4cf00000) (1024K)]
  0x000001ce43e87cb0 JavaThread "Unconstrained build operations Thread 85"        [_thread_blocked, id=17260, stack(0x0000004c4cf00000,0x0000004c4d000000) (1024K)]
  0x000001ce43e89060 JavaThread "Unconstrained build operations Thread 86"        [_thread_blocked, id=17028, stack(0x0000004c4d000000,0x0000004c4d100000) (1024K)]
  0x000001ce43e89d80 JavaThread "Unconstrained build operations Thread 87"        [_thread_blocked, id=13620, stack(0x0000004c4d100000,0x0000004c4d200000) (1024K)]
  0x000001ce43e86900 JavaThread "Unconstrained build operations Thread 88"        [_thread_blocked, id=13844, stack(0x0000004c4d200000,0x0000004c4d300000) (1024K)]
  0x000001ce43e8a410 JavaThread "Unconstrained build operations Thread 89"        [_thread_blocked, id=5908, stack(0x0000004c4d300000,0x0000004c4d400000) (1024K)]
  0x000001ce4509c0e0 JavaThread "Unconstrained build operations Thread 90"        [_thread_blocked, id=5652, stack(0x0000004c4d400000,0x0000004c4d500000) (1024K)]
  0x000001ce4509e1b0 JavaThread "Unconstrained build operations Thread 92"        [_thread_blocked, id=3616, stack(0x0000004c4d500000,0x0000004c4d600000) (1024K)]
  0x000001ce4509d490 JavaThread "Unconstrained build operations Thread 93"        [_thread_blocked, id=11096, stack(0x0000004c4d600000,0x0000004c4d700000) (1024K)]
  0x000001ce4509ad30 JavaThread "Unconstrained build operations Thread 91"        [_thread_blocked, id=7668, stack(0x0000004c4d700000,0x0000004c4d800000) (1024K)]
  0x000001ce4509c770 JavaThread "Unconstrained build operations Thread 94"        [_thread_blocked, id=7368, stack(0x0000004c4d800000,0x0000004c4d900000) (1024K)]
  0x000001ce4509e840 JavaThread "Unconstrained build operations Thread 95"        [_thread_blocked, id=10188, stack(0x0000004c4d900000,0x0000004c4da00000) (1024K)]
  0x000001ce4509ba50 JavaThread "Unconstrained build operations Thread 96"        [_thread_blocked, id=6324, stack(0x0000004c4da00000,0x0000004c4db00000) (1024K)]
  0x000001ce4509b3c0 JavaThread "Unconstrained build operations Thread 97"        [_thread_blocked, id=11344, stack(0x0000004c4db00000,0x0000004c4dc00000) (1024K)]
  0x000001ce4509eed0 JavaThread "Unconstrained build operations Thread 98"        [_thread_blocked, id=15984, stack(0x0000004c4dc00000,0x0000004c4dd00000) (1024K)]
  0x000001ce4509f560 JavaThread "Unconstrained build operations Thread 99"        [_thread_blocked, id=16632, stack(0x0000004c4dd00000,0x0000004c4de00000) (1024K)]
  0x000001ce4509db20 JavaThread "Unconstrained build operations Thread 100"        [_thread_blocked, id=8312, stack(0x0000004c4de00000,0x0000004c4df00000) (1024K)]
  0x000001ce4509fbf0 JavaThread "Unconstrained build operations Thread 101"        [_thread_blocked, id=11192, stack(0x0000004c4df00000,0x0000004c4e000000) (1024K)]
  0x000001ce450a0280 JavaThread "Unconstrained build operations Thread 102"        [_thread_blocked, id=3604, stack(0x0000004c4e000000,0x0000004c4e100000) (1024K)]
  0x000001ce4509ce00 JavaThread "Unconstrained build operations Thread 103"        [_thread_blocked, id=14484, stack(0x0000004c4e100000,0x0000004c4e200000) (1024K)]
  0x000001ce450a2350 JavaThread "Unconstrained build operations Thread 104"        [_thread_blocked, id=18376, stack(0x0000004c4e200000,0x0000004c4e300000) (1024K)]
  0x000001ce450a0910 JavaThread "Unconstrained build operations Thread 106"        [_thread_blocked, id=3012, stack(0x0000004c4e300000,0x0000004c4e400000) (1024K)]
  0x000001ce450a0fa0 JavaThread "Unconstrained build operations Thread 105"        [_thread_blocked, id=16472, stack(0x0000004c4e400000,0x0000004c4e500000) (1024K)]
  0x000001ce450a1630 JavaThread "Unconstrained build operations Thread 107"        [_thread_blocked, id=11340, stack(0x0000004c4e500000,0x0000004c4e600000) (1024K)]
  0x000001ce450a1cc0 JavaThread "Unconstrained build operations Thread 108"        [_thread_blocked, id=15680, stack(0x0000004c4e600000,0x0000004c4e700000) (1024K)]
  0x000001ce457126f0 JavaThread "Unconstrained build operations Thread 109"        [_thread_blocked, id=15920, stack(0x0000004c4e700000,0x0000004c4e800000) (1024K)]
  0x000001ce45713aa0 JavaThread "Unconstrained build operations Thread 110"        [_thread_blocked, id=14488, stack(0x0000004c4e800000,0x0000004c4e900000) (1024K)]
  0x000001ce45712d80 JavaThread "Unconstrained build operations Thread 111"        [_thread_blocked, id=5904, stack(0x0000004c4e900000,0x0000004c4ea00000) (1024K)]
  0x000001ce45714130 JavaThread "Unconstrained build operations Thread 112"        [_thread_blocked, id=9940, stack(0x0000004c4ea00000,0x0000004c4eb00000) (1024K)]
  0x000001ce45714e50 JavaThread "Unconstrained build operations Thread 113"        [_thread_blocked, id=14280, stack(0x0000004c4eb00000,0x0000004c4ec00000) (1024K)]
  0x000001ce45713410 JavaThread "Unconstrained build operations Thread 114"        [_thread_blocked, id=2024, stack(0x0000004c4ec00000,0x0000004c4ed00000) (1024K)]
  0x000001ce457147c0 JavaThread "Unconstrained build operations Thread 115"        [_thread_blocked, id=16568, stack(0x0000004c4ed00000,0x0000004c4ee00000) (1024K)]
  0x000001ce457154e0 JavaThread "Unconstrained build operations Thread 116"        [_thread_blocked, id=17328, stack(0x0000004c4ee00000,0x0000004c4ef00000) (1024K)]
  0x000001ce45712060 JavaThread "Unconstrained build operations Thread 117"        [_thread_blocked, id=13412, stack(0x0000004c4ef00000,0x0000004c4f000000) (1024K)]
  0x000001ce457182d0 JavaThread "Unconstrained build operations Thread 118"        [_thread_blocked, id=2580, stack(0x0000004c4f000000,0x0000004c4f100000) (1024K)]
  0x000001ce45717c40 JavaThread "Unconstrained build operations Thread 119"        [_thread_blocked, id=17264, stack(0x0000004c4f100000,0x0000004c4f200000) (1024K)]
  0x000001ce45716200 JavaThread "Unconstrained build operations Thread 120"        [_thread_blocked, id=13396, stack(0x0000004c4f200000,0x0000004c4f300000) (1024K)]
  0x000001ce4571c470 JavaThread "WorkerExecutor Queue"              [_thread_blocked, id=16916, stack(0x0000004c4f300000,0x0000004c4f400000) (1024K)]
  0x000001ce4571ff80 JavaThread "RMI Scheduler(0)"           daemon [_thread_blocked, id=2028, stack(0x0000004c4f400000,0x0000004c4f500000) (1024K)]
  0x000001ce4571d190 JavaThread "RMI GC Daemon"              daemon [_thread_blocked, id=5072, stack(0x0000004c4f600000,0x0000004c4f700000) (1024K)]
  0x000001ce45720ca0 JavaThread "RMI TCP Accept-0"           daemon [_thread_in_native, id=12648, stack(0x0000004c4f700000,0x0000004c4f800000) (1024K)]
  0x000001ce45721330 JavaThread "RMI Reaper"                        [_thread_blocked, id=16652, stack(0x0000004c4f800000,0x0000004c4f900000) (1024K)]
  0x000001ce439a1060 JavaThread "File lock release action executor"        [_thread_blocked, id=9044, stack(0x0000004c4fa00000,0x0000004c4fb00000) (1024K)]
  0x000001ce439a3e50 JavaThread "jar transforms Thread 2"           [_thread_blocked, id=18436, stack(0x0000004c42100000,0x0000004c42200000) (1024K)]
  0x000001ce439a16f0 JavaThread "Cache worker for Build Output Cleanup Cache (D:\Farmer_app\node_modules\expo-dev-launcher\expo-dev-launcher-gradle-plugin\.gradle\buildOutputCleanup)"        [_thread_blocked, id=6680, stack(0x0000004c42300000,0x0000004c42400000) (1024K)]
  0x000001ce439a8d10 JavaThread "Cache worker for Build Output Cleanup Cache (D:\Farmer_app\node_modules\expo-modules-core\expo-module-gradle-plugin\.gradle\buildOutputCleanup)"        [_thread_blocked, id=16852, stack(0x0000004c4fb00000,0x0000004c4fc00000) (1024K)]
  0x000001ce457175b0 JavaThread "build event listener"              [_thread_blocked, id=8004, stack(0x0000004c42200000,0x0000004c42300000) (1024K)]
  0x000001ce45718960 JavaThread "build event listener"              [_thread_blocked, id=15548, stack(0x0000004c4fd00000,0x0000004c4fe00000) (1024K)]
  0x000001ce45719d10 JavaThread "jar transforms Thread 3"           [_thread_blocked, id=18532, stack(0x0000004c4fe00000,0x0000004c4ff00000) (1024K)]
  0x000001ce4571cb00 JavaThread "Cache worker for execution history cache (D:\Farmer_app\node_modules\expo-dev-launcher\expo-dev-launcher-gradle-plugin\.gradle\8.14.3\executionHistory)"        [_thread_blocked, id=1460, stack(0x0000004c50100000,0x0000004c50200000) (1024K)]
  0x000001ce4571b750 JavaThread "Cache worker for execution history cache (D:\Farmer_app\node_modules\expo-modules-core\expo-module-gradle-plugin\.gradle\8.14.3\executionHistory)"        [_thread_blocked, id=5896, stack(0x0000004c50200000,0x0000004c50300000) (1024K)]
  0x000001ce45719680 JavaThread "WorkerExecutor Queue Thread 3"        [_thread_blocked, id=13424, stack(0x0000004c50300000,0x0000004c50400000) (1024K)]
  0x000001ce439a5f20 JavaThread "jar transforms Thread 4"           [_thread_blocked, id=11756, stack(0x0000004c50400000,0x0000004c50500000) (1024K)]
  0x000001ce439a8680 JavaThread "Problems report writer"            [_thread_blocked, id=3084, stack(0x0000004c50600000,0x0000004c50700000) (1024K)]
  0x000001ce439a9a30 JavaThread "jar transforms Thread 5"           [_thread_blocked, id=10248, stack(0x0000004c50700000,0x0000004c50800000) (1024K)]
  0x000001ce439a7ff0 JavaThread "jar transforms Thread 6"           [_thread_blocked, id=2236, stack(0x0000004c50800000,0x0000004c50900000) (1024K)]
  0x000001ce462f93c0 JavaThread "build event listener"              [_thread_blocked, id=3396, stack(0x0000004c4ae00000,0x0000004c4af00000) (1024K)]
  0x000001ce462fdbf0 JavaThread "jar transforms Thread 7"           [_thread_blocked, id=692, stack(0x0000004c4b300000,0x0000004c4b400000) (1024K)]
  0x000001ce462fefa0 JavaThread "jar transforms Thread 8"           [_thread_blocked, id=16920, stack(0x0000004c4b400000,0x0000004c4b500000) (1024K)]
  0x000001ce46300350 JavaThread "jar transforms Thread 9"           [_thread_blocked, id=18240, stack(0x0000004c4b500000,0x0000004c4b600000) (1024K)]
  0x000001ce462fe280 JavaThread "jar transforms Thread 10"          [_thread_blocked, id=1744, stack(0x0000004c50900000,0x0000004c50a00000) (1024K)]
  0x000001ce463009e0 JavaThread "jar transforms Thread 11"          [_thread_blocked, id=18704, stack(0x0000004c50a00000,0x0000004c50b00000) (1024K)]
  0x000001ce462fd560 JavaThread "jar transforms Thread 12"          [_thread_blocked, id=18708, stack(0x0000004c50b00000,0x0000004c50c00000) (1024K)]
  0x000001ce4e2b9b70 JavaThread "Cache worker for execution history cache (D:\Farmer_app\android\.gradle\8.14.3\executionHistory)"        [_thread_blocked, id=19408, stack(0x0000004c4f900000,0x0000004c4fa00000) (1024K)]
  0x000001ce4e2bc960 JavaThread "WorkerExecutor Queue Thread 5"        [_thread_blocked, id=16748, stack(0x0000004c4ff00000,0x0000004c50000000) (1024K)]
  0x000001ce4db747b0 JavaThread "WorkerExecutor Queue Thread 8"        [_thread_blocked, id=9660, stack(0x0000004c51100000,0x0000004c51200000) (1024K)]
  0x000001ce4cf9d090 JavaThread "WorkerExecutor Queue Thread 11"        [_thread_blocked, id=16764, stack(0x0000004c51400000,0x0000004c51500000) (1024K)]
  0x000001ce4400d5d0 JavaThread "WorkerExecutor Queue Thread 12"        [_thread_blocked, id=3384, stack(0x0000004c51500000,0x0000004c51600000) (1024K)]
  0x000001ce4400f010 JavaThread "WorkerExecutor Queue Thread 13"        [_thread_blocked, id=13540, stack(0x0000004c51600000,0x0000004c51700000) (1024K)]
  0x000001ce4b2904b0 JavaThread "WorkerExecutor Queue Thread 15"        [_thread_blocked, id=2336, stack(0x0000004c51800000,0x0000004c51900000) (1024K)]
  0x000001ce4cf20200 JavaThread "Exec process Thread 4"             [_thread_in_native, id=17396, stack(0x0000004c4f500000,0x0000004c4f600000) (1024K)]
  0x000001ce4cf9b650 JavaThread "Exec process Thread 5"             [_thread_in_native, id=16656, stack(0x0000004c4fc00000,0x0000004c4fd00000) (1024K)]
  0x000001ce4cf9c370 JavaThread "Exec process Thread 6"             [_thread_in_native, id=3724, stack(0x0000004c51000000,0x0000004c51100000) (1024K)]
  0x000001ce4db726e0 JavaThread "WorkerExecutor Queue Thread 21"        [_thread_blocked, id=19144, stack(0x0000004c51200000,0x0000004c51300000) (1024K)]
  0x000001ce4667f620 JavaThread "Cache worker for Java compile cache (C:\Users\Aswin\.gradle\caches\8.14.3\javaCompile)"        [_thread_blocked, id=19388, stack(0x0000004c51300000,0x0000004c51400000) (1024K)]
  0x000001ce4cdd4080 JavaThread "Build operations"                  [_thread_blocked, id=12888, stack(0x0000004c51c00000,0x0000004c51d00000) (1024K)]
  0x000001ce4cdd4da0 JavaThread "Build operations Thread 2"         [_thread_blocked, id=3672, stack(0x0000004c51d00000,0x0000004c51e00000) (1024K)]
  0x000001ce4cdd5430 JavaThread "Build operations Thread 3"         [_thread_blocked, id=5984, stack(0x0000004c51e00000,0x0000004c51f00000) (1024K)]
  0x000001ce4cdd4710 JavaThread "Build operations Thread 4"         [_thread_blocked, id=13720, stack(0x0000004c51f00000,0x0000004c52000000) (1024K)]
  0x000001ce4cdd2cd0 JavaThread "Build operations Thread 5"         [_thread_blocked, id=19400, stack(0x0000004c52200000,0x0000004c52300000) (1024K)]
  0x000001ce4e2baf20 JavaThread "Build operations Thread 6"         [_thread_blocked, id=16856, stack(0x0000004c52300000,0x0000004c52400000) (1024K)]
  0x000001ce4e2bb5b0 JavaThread "Build operations Thread 7"         [_thread_blocked, id=19192, stack(0x0000004c52400000,0x0000004c52500000) (1024K)]
  0x000001ce4e2bbc40 JavaThread "Build operations Thread 8"         [_thread_blocked, id=18464, stack(0x0000004c52500000,0x0000004c52600000) (1024K)]
  0x000001ce4e2bc2d0 JavaThread "Build operations Thread 9"         [_thread_blocked, id=18040, stack(0x0000004c52600000,0x0000004c52700000) (1024K)]
  0x000001ce4e2bcff0 JavaThread "Build operations Thread 10"        [_thread_blocked, id=9112, stack(0x0000004c52700000,0x0000004c52800000) (1024K)]
  0x000001ce542b8ad0 JavaThread "Build operations Thread 11"        [_thread_blocked, id=9084, stack(0x0000004c52800000,0x0000004c52900000) (1024K)]
  0x000001ce4e6a93a0 JavaThread "Build operations Thread 12"        [_thread_blocked, id=18680, stack(0x0000004c52900000,0x0000004c52a00000) (1024K)]
  0x000001ce4efe91d0 JavaThread "pool-3-thread-1"                   [_thread_blocked, id=8984, stack(0x0000004c52a00000,0x0000004c52b00000) (1024K)]
  0x000001ce5414b130 JavaThread "stderr"                            [_thread_in_native, id=19168, stack(0x0000004c52b00000,0x0000004c52c00000) (1024K)]
  0x000001ce5414be50 JavaThread "stdout"                            [_thread_in_native, id=12468, stack(0x0000004c52c00000,0x0000004c52d00000) (1024K)]
  0x000001ce4efe84b0 JavaThread "stderr"                            [_thread_in_native, id=18196, stack(0x0000004c52d00000,0x0000004c52e00000) (1024K)]
  0x000001ce4efe7790 JavaThread "stdout"                            [_thread_in_native, id=18628, stack(0x0000004c52e00000,0x0000004c52f00000) (1024K)]
  0x000001ce4d28c350 JavaThread "stderr"                            [_thread_in_native, id=3904, stack(0x0000004c52f00000,0x0000004c53000000) (1024K)]
  0x000001ce4d28c9e0 JavaThread "stdout"                            [_thread_in_native, id=8824, stack(0x0000004c53000000,0x0000004c53100000) (1024K)]
  0x000001ce5414c4e0 JavaThread "stderr"                            [_thread_in_native, id=19452, stack(0x0000004c53100000,0x0000004c53200000) (1024K)]
  0x000001ce5414d890 JavaThread "stdout"                            [_thread_in_native, id=9356, stack(0x0000004c53200000,0x0000004c53300000) (1024K)]
  0x000001ce4efe7100 JavaThread "RMI TCP Accept-0"           daemon [_thread_in_native, id=6532, stack(0x0000004c53600000,0x0000004c53700000) (1024K)]
  0x000001ce4efe8b40 JavaThread "RMI TCP Connection(idle)"   daemon [_thread_blocked, id=18820, stack(0x0000004c4b600000,0x0000004c4b700000) (1024K)]
  0x000001ce4efe7e20 JavaThread "RMI TCP Connection(idle)"   daemon [_thread_blocked, id=17092, stack(0x0000004c53700000,0x0000004c53800000) (1024K)]
  0x000001ce4efe9860 JavaThread "WorkerExecutor Queue Thread 23"        [_thread_blocked, id=7492, stack(0x0000004c53800000,0x0000004c53900000) (1024K)]
  0x000001ce542b9160 JavaThread "WorkerExecutor Queue Thread 24"        [_thread_blocked, id=18084, stack(0x0000004c50e00000,0x0000004c50f00000) (1024K)]
  0x000001ce56b5da90 JavaThread "Exec process Thread 7"             [_thread_blocked, id=18096, stack(0x0000004c45700000,0x0000004c45800000) (1024K)]
  0x000001ce4d363420 JavaThread "Exec process Thread 8"             [_thread_blocked, id=11932, stack(0x0000004c4a900000,0x0000004c4aa00000) (1024K)]
  0x000001ce4400dc60 JavaThread "Exec process Thread 9"             [_thread_blocked, id=8108, stack(0x0000004c50d00000,0x0000004c50e00000) (1024K)]
  0x000001ce4400cf40 JavaThread "Exec process Thread 10"            [_thread_blocked, id=17048, stack(0x0000004c50f00000,0x0000004c51000000) (1024K)]
  0x000001ce4400f6a0 JavaThread "Exec process Thread 11"            [_thread_blocked, id=3944, stack(0x0000004c51700000,0x0000004c51800000) (1024K)]
  0x000001ce57133800 JavaThread "Exec process Thread 12"            [_thread_blocked, id=14000, stack(0x0000004c51900000,0x0000004c51a00000) (1024K)]
  0x000001ce4ce47a00 JavaThread "Exec process Thread 13"            [_thread_blocked, id=13656, stack(0x0000004c53400000,0x0000004c53500000) (1024K)]
  0x000001ce545c8050 JavaThread "Exec process Thread 14"            [_thread_blocked, id=17344, stack(0x0000004c45600000,0x0000004c45700000) (1024K)]
  0x000001ce545ca120 JavaThread "Exec process Thread 15"            [_thread_blocked, id=19436, stack(0x0000004c4af00000,0x0000004c4b000000) (1024K)]
  0x000001ce4b2babc0 JavaThread "WorkerExecutor Queue Thread 25"        [_thread_blocked, id=19596, stack(0x0000004c45500000,0x0000004c45600000) (1024K)]
Total: 253

Other Threads:
  0x000001ce1ff9bd90 VMThread "VM Thread"                           [id=15776, stack(0x0000004c42b00000,0x0000004c42c00000) (1024K)]
  0x000001ce1ff8d090 WatcherThread "VM Periodic Task Thread"        [id=17096, stack(0x0000004c42a00000,0x0000004c42b00000) (1024K)]
  0x000001ce031a43d0 WorkerThread "GC Thread#0"                     [id=8132, stack(0x0000004c42500000,0x0000004c42600000) (1024K)]
  0x000001ce3f4e54d0 WorkerThread "GC Thread#1"                     [id=14116, stack(0x0000004c43600000,0x0000004c43700000) (1024K)]
  0x000001ce3f649df0 WorkerThread "GC Thread#2"                     [id=8512, stack(0x0000004c43700000,0x0000004c43800000) (1024K)]
  0x000001ce3fcc55e0 WorkerThread "GC Thread#3"                     [id=6440, stack(0x0000004c43800000,0x0000004c43900000) (1024K)]
  0x000001ce3fb015e0 WorkerThread "GC Thread#4"                     [id=14056, stack(0x0000004c43900000,0x0000004c43a00000) (1024K)]
  0x000001ce40a30790 WorkerThread "GC Thread#5"                     [id=14916, stack(0x0000004c43b00000,0x0000004c43c00000) (1024K)]
  0x000001ce40a30b40 WorkerThread "GC Thread#6"                     [id=8992, stack(0x0000004c43c00000,0x0000004c43d00000) (1024K)]
  0x000001ce40b55090 WorkerThread "GC Thread#7"                     [id=7644, stack(0x0000004c43d00000,0x0000004c43e00000) (1024K)]
  0x000001ce40c9b3d0 WorkerThread "GC Thread#8"                     [id=6904, stack(0x0000004c43e00000,0x0000004c43f00000) (1024K)]
  0x000001ce40e23c30 WorkerThread "GC Thread#9"                     [id=16924, stack(0x0000004c44b00000,0x0000004c44c00000) (1024K)]
  0x000001ce031b5520 ConcurrentGCThread "G1 Main Marker"            [id=11292, stack(0x0000004c42600000,0x0000004c42700000) (1024K)]
  0x000001ce031b6d50 WorkerThread "G1 Conc#0"                       [id=13372, stack(0x0000004c42700000,0x0000004c42800000) (1024K)]
  0x000001ce41c39410 WorkerThread "G1 Conc#1"                       [id=2936, stack(0x0000004c44c00000,0x0000004c44d00000) (1024K)]
  0x000001ce41c39060 WorkerThread "G1 Conc#2"                       [id=14924, stack(0x0000004c44d00000,0x0000004c44e00000) (1024K)]
  0x000001ce1fe60910 ConcurrentGCThread "G1 Refine#0"               [id=2444, stack(0x0000004c42800000,0x0000004c42900000) (1024K)]
  0x000001ce1fe62340 ConcurrentGCThread "G1 Service"                [id=10032, stack(0x0000004c42900000,0x0000004c42a00000) (1024K)]
Total: 18

Threads with active compile tasks:
C2 CompilerThread0   289033 46197       4       com.android.ide.common.blame.MergingLogPersistUtil$SourcePositionsSerializer::append (67 bytes)
Total: 1

VM state: not at safepoint (normal execution)

VM Mutex/Monitor currently owned by a thread: None

Heap address: 0x0000000080000000, size: 2048 MB, Compressed Oops mode: 32-bit

CDS archive(s) mapped at: [0x000001ce20000000-0x000001ce20c90000-0x000001ce20c90000), size 13172736, SharedBaseAddress: 0x000001ce20000000, ArchiveRelocationMode: 1.
Compressed class space mapped at: 0x000001ce21000000-0x000001ce3b000000, reserved size: 436207616
Narrow klass base: 0x000001ce20000000, Narrow klass shift: 0, Narrow klass range: 0x100000000

GC Precious Log:
 CardTable entry size: 512
 Card Set container configuration: InlinePtr #cards 5 size 8 Array Of Cards #cards 12 size 40 Howl #buckets 4 coarsen threshold 1843 Howl Bitmap #cards 512 size 80 coarsen threshold 460 Card regions per heap region 1 cards per card region 2048
 CPUs: 12 total, 12 available
 Memory: 7896M
 Large Page Support: Disabled
 NUMA Support: Disabled
 Compressed Oops: Enabled (32-bit)
 Heap Region Size: 1M
 Heap Min Capacity: 8M
 Heap Initial Capacity: 124M
 Heap Max Capacity: 2G
 Pre-touch: Disabled
 Parallel Workers: 10
 Concurrent Workers: 3
 Concurrent Refinement Workers: 10
 Periodic GC: Disabled

Heap:
 garbage-first heap   total 836608K, used 645216K [0x0000000080000000, 0x0000000100000000)
  region size 1024K, 225 young (230400K), 29 survivors (29696K)
 Metaspace       used 211404K, committed 215168K, reserved 622592K
  class space    used 27689K, committed 29504K, reserved 425984K

Heap Regions: E=young(eden), S=young(survivor), O=old, HS=humongous(starts), HC=humongous(continues), CS=collection set, F=free, TAMS=top-at-mark-start, PB=parsable bottom
|   0|0x0000000080000000, 0x0000000080100000, 0x0000000080100000|100%|HS|  |TAMS 0x0000000080000000| PB 0x0000000080000000| Complete 
|   1|0x0000000080100000, 0x0000000080200000, 0x0000000080200000|100%|HC|  |TAMS 0x0000000080100000| PB 0x0000000080100000| Complete 
|   2|0x0000000080200000, 0x0000000080300000, 0x0000000080300000|100%|HC|  |TAMS 0x0000000080200000| PB 0x0000000080200000| Complete 
|   3|0x0000000080300000, 0x0000000080400000, 0x0000000080400000|100%| O|  |TAMS 0x0000000080300000| PB 0x0000000080300000| Untracked 
|   4|0x0000000080400000, 0x0000000080500000, 0x0000000080500000|100%| O|  |TAMS 0x0000000080400000| PB 0x0000000080400000| Untracked 
|   5|0x0000000080500000, 0x0000000080600000, 0x0000000080600000|100%| O|  |TAMS 0x0000000080500000| PB 0x0000000080500000| Untracked 
|   6|0x0000000080600000, 0x0000000080700000, 0x0000000080700000|100%|HS|  |TAMS 0x0000000080600000| PB 0x0000000080600000| Complete 
|   7|0x0000000080700000, 0x0000000080800000, 0x0000000080800000|100%| O|  |TAMS 0x0000000080700000| PB 0x0000000080700000| Untracked 
|   8|0x0000000080800000, 0x0000000080900000, 0x0000000080900000|100%| O|  |TAMS 0x0000000080800000| PB 0x0000000080800000| Untracked 
|   9|0x0000000080900000, 0x0000000080a00000, 0x0000000080a00000|100%| O|  |TAMS 0x0000000080900000| PB 0x0000000080900000| Untracked 
|  10|0x0000000080a00000, 0x0000000080b00000, 0x0000000080b00000|100%| O|  |TAMS 0x0000000080a00000| PB 0x0000000080a00000| Untracked 
|  11|0x0000000080b00000, 0x0000000080c00000, 0x0000000080c00000|100%| O|  |TAMS 0x0000000080b00000| PB 0x0000000080b00000| Untracked 
|  12|0x0000000080c00000, 0x0000000080d00000, 0x0000000080d00000|100%| O|  |TAMS 0x0000000080c00000| PB 0x0000000080c00000| Untracked 
|  13|0x0000000080d00000, 0x0000000080e00000, 0x0000000080e00000|100%| O|  |TAMS 0x0000000080d00000| PB 0x0000000080d00000| Untracked 
|  14|0x0000000080e00000, 0x0000000080f00000, 0x0000000080f00000|100%| O|  |TAMS 0x0000000080e00000| PB 0x0000000080e00000| Untracked 
|  15|0x0000000080f00000, 0x0000000081000000, 0x0000000081000000|100%| O|  |TAMS 0x0000000080f00000| PB 0x0000000080f00000| Untracked 
|  16|0x0000000081000000, 0x0000000081100000, 0x0000000081100000|100%| O|  |TAMS 0x0000000081000000| PB 0x0000000081000000| Untracked 
|  17|0x0000000081100000, 0x0000000081200000, 0x0000000081200000|100%| O|  |TAMS 0x0000000081100000| PB 0x0000000081100000| Untracked 
|  18|0x0000000081200000, 0x0000000081300000, 0x0000000081300000|100%| O|  |TAMS 0x0000000081200000| PB 0x0000000081200000| Untracked 
|  19|0x0000000081300000, 0x0000000081400000, 0x0000000081400000|100%| O|  |TAMS 0x0000000081300000| PB 0x0000000081300000| Untracked 
|  20|0x0000000081400000, 0x0000000081500000, 0x0000000081500000|100%| O|  |TAMS 0x0000000081400000| PB 0x0000000081400000| Untracked 
|  21|0x0000000081500000, 0x0000000081600000, 0x0000000081600000|100%| O|  |TAMS 0x0000000081500000| PB 0x0000000081500000| Untracked 
|  22|0x0000000081600000, 0x0000000081700000, 0x0000000081700000|100%| O|  |TAMS 0x0000000081600000| PB 0x0000000081600000| Untracked 
|  23|0x0000000081700000, 0x0000000081800000, 0x0000000081800000|100%|HS|  |TAMS 0x0000000081700000| PB 0x0000000081700000| Complete 
|  24|0x0000000081800000, 0x0000000081900000, 0x0000000081900000|100%| O|  |TAMS 0x0000000081800000| PB 0x0000000081800000| Untracked 
|  25|0x0000000081900000, 0x0000000081a00000, 0x0000000081a00000|100%| O|  |TAMS 0x0000000081900000| PB 0x0000000081900000| Untracked 
|  26|0x0000000081a00000, 0x0000000081b00000, 0x0000000081b00000|100%| O|  |TAMS 0x0000000081a00000| PB 0x0000000081a00000| Untracked 
|  27|0x0000000081b00000, 0x0000000081c00000, 0x0000000081c00000|100%| O|  |TAMS 0x0000000081b00000| PB 0x0000000081b00000| Untracked 
|  28|0x0000000081c00000, 0x0000000081d00000, 0x0000000081d00000|100%| O|  |TAMS 0x0000000081c00000| PB 0x0000000081c00000| Untracked 
|  29|0x0000000081d00000, 0x0000000081e00000, 0x0000000081e00000|100%| O|  |TAMS 0x0000000081d00000| PB 0x0000000081d00000| Untracked 
|  30|0x0000000081e00000, 0x0000000081f00000, 0x0000000081f00000|100%| O|  |TAMS 0x0000000081e00000| PB 0x0000000081e00000| Untracked 
|  31|0x0000000081f00000, 0x0000000082000000, 0x0000000082000000|100%| O|  |TAMS 0x0000000081f00000| PB 0x0000000081f00000| Untracked 
|  32|0x0000000082000000, 0x0000000082100000, 0x0000000082100000|100%| O|  |TAMS 0x0000000082000000| PB 0x0000000082000000| Untracked 
|  33|0x0000000082100000, 0x0000000082200000, 0x0000000082200000|100%| O|  |TAMS 0x0000000082100000| PB 0x0000000082100000| Untracked 
|  34|0x0000000082200000, 0x0000000082300000, 0x0000000082300000|100%| O|  |TAMS 0x0000000082200000| PB 0x0000000082200000| Untracked 
|  35|0x0000000082300000, 0x0000000082400000, 0x0000000082400000|100%| O|  |TAMS 0x0000000082300000| PB 0x0000000082300000| Untracked 
|  36|0x0000000082400000, 0x0000000082500000, 0x0000000082500000|100%| O|  |TAMS 0x0000000082400000| PB 0x0000000082400000| Untracked 
|  37|0x0000000082500000, 0x0000000082600000, 0x0000000082600000|100%| O|  |TAMS 0x0000000082500000| PB 0x0000000082500000| Untracked 
|  38|0x0000000082600000, 0x0000000082700000, 0x0000000082700000|100%| O|  |TAMS 0x0000000082600000| PB 0x0000000082600000| Untracked 
|  39|0x0000000082700000, 0x0000000082800000, 0x0000000082800000|100%| O|  |TAMS 0x0000000082700000| PB 0x0000000082700000| Untracked 
|  40|0x0000000082800000, 0x0000000082900000, 0x0000000082900000|100%| O|  |TAMS 0x0000000082800000| PB 0x0000000082800000| Untracked 
|  41|0x0000000082900000, 0x0000000082a00000, 0x0000000082a00000|100%| O|  |TAMS 0x0000000082900000| PB 0x0000000082900000| Untracked 
|  42|0x0000000082a00000, 0x0000000082b00000, 0x0000000082b00000|100%| O|  |TAMS 0x0000000082a00000| PB 0x0000000082a00000| Untracked 
|  43|0x0000000082b00000, 0x0000000082c00000, 0x0000000082c00000|100%|HS|  |TAMS 0x0000000082b00000| PB 0x0000000082b00000| Complete 
|  44|0x0000000082c00000, 0x0000000082d00000, 0x0000000082d00000|100%|HC|  |TAMS 0x0000000082c00000| PB 0x0000000082c00000| Complete 
|  45|0x0000000082d00000, 0x0000000082e00000, 0x0000000082e00000|100%|HC|  |TAMS 0x0000000082d00000| PB 0x0000000082d00000| Complete 
|  46|0x0000000082e00000, 0x0000000082f00000, 0x0000000082f00000|100%| O|  |TAMS 0x0000000082e00000| PB 0x0000000082e00000| Untracked 
|  47|0x0000000082f00000, 0x0000000083000000, 0x0000000083000000|100%| O|  |TAMS 0x0000000082f00000| PB 0x0000000082f00000| Untracked 
|  48|0x0000000083000000, 0x0000000083100000, 0x0000000083100000|100%| O|  |TAMS 0x0000000083000000| PB 0x0000000083000000| Untracked 
|  49|0x0000000083100000, 0x0000000083200000, 0x0000000083200000|100%| O|  |TAMS 0x0000000083100000| PB 0x0000000083100000| Untracked 
|  50|0x0000000083200000, 0x0000000083300000, 0x0000000083300000|100%| O|  |TAMS 0x0000000083200000| PB 0x0000000083200000| Untracked 
|  51|0x0000000083300000, 0x0000000083400000, 0x0000000083400000|100%| O|  |TAMS 0x0000000083300000| PB 0x0000000083300000| Untracked 
|  52|0x0000000083400000, 0x0000000083500000, 0x0000000083500000|100%| O|  |TAMS 0x0000000083400000| PB 0x0000000083400000| Untracked 
|  53|0x0000000083500000, 0x0000000083600000, 0x0000000083600000|100%|HS|  |TAMS 0x0000000083500000| PB 0x0000000083500000| Complete 
|  54|0x0000000083600000, 0x0000000083700000, 0x0000000083700000|100%|HC|  |TAMS 0x0000000083600000| PB 0x0000000083600000| Complete 
|  55|0x0000000083700000, 0x0000000083800000, 0x0000000083800000|100%|HC|  |TAMS 0x0000000083700000| PB 0x0000000083700000| Complete 
|  56|0x0000000083800000, 0x0000000083900000, 0x0000000083900000|100%| O|  |TAMS 0x0000000083800000| PB 0x0000000083800000| Untracked 
|  57|0x0000000083900000, 0x0000000083a00000, 0x0000000083a00000|100%| O|  |TAMS 0x0000000083900000| PB 0x0000000083900000| Untracked 
|  58|0x0000000083a00000, 0x0000000083b00000, 0x0000000083b00000|100%| O|  |TAMS 0x0000000083a00000| PB 0x0000000083a00000| Untracked 
|  59|0x0000000083b00000, 0x0000000083c00000, 0x0000000083c00000|100%| O|  |TAMS 0x0000000083b00000| PB 0x0000000083b00000| Untracked 
|  60|0x0000000083c00000, 0x0000000083d00000, 0x0000000083d00000|100%| O|  |TAMS 0x0000000083c00000| PB 0x0000000083c00000| Untracked 
|  61|0x0000000083d00000, 0x0000000083e00000, 0x0000000083e00000|100%| O|  |TAMS 0x0000000083d00000| PB 0x0000000083d00000| Untracked 
|  62|0x0000000083e00000, 0x0000000083f00000, 0x0000000083f00000|100%| O|  |TAMS 0x0000000083e00000| PB 0x0000000083e00000| Untracked 
|  63|0x0000000083f00000, 0x0000000084000000, 0x0000000084000000|100%| O|  |TAMS 0x0000000083f00000| PB 0x0000000083f00000| Untracked 
|  64|0x0000000084000000, 0x0000000084100000, 0x0000000084100000|100%| O|  |TAMS 0x0000000084000000| PB 0x0000000084000000| Untracked 
|  65|0x0000000084100000, 0x0000000084200000, 0x0000000084200000|100%| O|  |TAMS 0x0000000084100000| PB 0x0000000084100000| Untracked 
|  66|0x0000000084200000, 0x0000000084300000, 0x0000000084300000|100%| O|  |TAMS 0x0000000084200000| PB 0x0000000084200000| Untracked 
|  67|0x0000000084300000, 0x0000000084400000, 0x0000000084400000|100%| O|  |TAMS 0x0000000084300000| PB 0x0000000084300000| Untracked 
|  68|0x0000000084400000, 0x0000000084500000, 0x0000000084500000|100%| O|  |TAMS 0x0000000084400000| PB 0x0000000084400000| Untracked 
|  69|0x0000000084500000, 0x0000000084600000, 0x0000000084600000|100%| O|  |TAMS 0x0000000084500000| PB 0x0000000084500000| Untracked 
|  70|0x0000000084600000, 0x0000000084700000, 0x0000000084700000|100%| O|  |TAMS 0x0000000084600000| PB 0x0000000084600000| Untracked 
|  71|0x0000000084700000, 0x0000000084800000, 0x0000000084800000|100%| O|  |TAMS 0x0000000084700000| PB 0x0000000084700000| Untracked 
|  72|0x0000000084800000, 0x0000000084900000, 0x0000000084900000|100%| O|  |TAMS 0x0000000084800000| PB 0x0000000084800000| Untracked 
|  73|0x0000000084900000, 0x0000000084a00000, 0x0000000084a00000|100%| O|  |TAMS 0x0000000084900000| PB 0x0000000084900000| Untracked 
|  74|0x0000000084a00000, 0x0000000084b00000, 0x0000000084b00000|100%| O|  |TAMS 0x0000000084a00000| PB 0x0000000084a00000| Untracked 
|  75|0x0000000084b00000, 0x0000000084c00000, 0x0000000084c00000|100%|HS|  |TAMS 0x0000000084b00000| PB 0x0000000084b00000| Complete 
|  76|0x0000000084c00000, 0x0000000084d00000, 0x0000000084d00000|100%| O|  |TAMS 0x0000000084c00000| PB 0x0000000084c00000| Untracked 
|  77|0x0000000084d00000, 0x0000000084e00000, 0x0000000084e00000|100%| O|  |TAMS 0x0000000084d00000| PB 0x0000000084d00000| Untracked 
|  78|0x0000000084e00000, 0x0000000084f00000, 0x0000000084f00000|100%| O|  |TAMS 0x0000000084e00000| PB 0x0000000084e00000| Untracked 
|  79|0x0000000084f00000, 0x0000000085000000, 0x0000000085000000|100%| O|  |TAMS 0x0000000084f00000| PB 0x0000000084f00000| Untracked 
|  80|0x0000000085000000, 0x0000000085100000, 0x0000000085100000|100%| O|  |TAMS 0x0000000085000000| PB 0x0000000085000000| Untracked 
|  81|0x0000000085100000, 0x0000000085200000, 0x0000000085200000|100%| O|  |TAMS 0x0000000085100000| PB 0x0000000085100000| Untracked 
|  82|0x0000000085200000, 0x0000000085300000, 0x0000000085300000|100%| O|  |TAMS 0x0000000085200000| PB 0x0000000085200000| Untracked 
|  83|0x0000000085300000, 0x0000000085400000, 0x0000000085400000|100%|HS|  |TAMS 0x0000000085300000| PB 0x0000000085300000| Complete 
|  84|0x0000000085400000, 0x0000000085500000, 0x0000000085500000|100%|HC|  |TAMS 0x0000000085400000| PB 0x0000000085400000| Complete 
|  85|0x0000000085500000, 0x0000000085600000, 0x0000000085600000|100%|HC|  |TAMS 0x0000000085500000| PB 0x0000000085500000| Complete 
|  86|0x0000000085600000, 0x0000000085700000, 0x0000000085700000|100%|HS|  |TAMS 0x0000000085600000| PB 0x0000000085600000| Complete 
|  87|0x0000000085700000, 0x0000000085800000, 0x0000000085800000|100%|HS|  |TAMS 0x0000000085700000| PB 0x0000000085700000| Complete 
|  88|0x0000000085800000, 0x0000000085900000, 0x0000000085900000|100%| O|  |TAMS 0x0000000085800000| PB 0x0000000085800000| Untracked 
|  89|0x0000000085900000, 0x0000000085a00000, 0x0000000085a00000|100%| O|  |TAMS 0x0000000085900000| PB 0x0000000085900000| Untracked 
|  90|0x0000000085a00000, 0x0000000085b00000, 0x0000000085b00000|100%| O|  |TAMS 0x0000000085a00000| PB 0x0000000085a00000| Untracked 
|  91|0x0000000085b00000, 0x0000000085c00000, 0x0000000085c00000|100%| O|  |TAMS 0x0000000085b00000| PB 0x0000000085b00000| Untracked 
|  92|0x0000000085c00000, 0x0000000085d00000, 0x0000000085d00000|100%| O|  |TAMS 0x0000000085c00000| PB 0x0000000085c00000| Untracked 
|  93|0x0000000085d00000, 0x0000000085e00000, 0x0000000085e00000|100%| O|  |TAMS 0x0000000085d00000| PB 0x0000000085d00000| Untracked 
|  94|0x0000000085e00000, 0x0000000085f00000, 0x0000000085f00000|100%| O|  |TAMS 0x0000000085e00000| PB 0x0000000085e00000| Untracked 
|  95|0x0000000085f00000, 0x0000000086000000, 0x0000000086000000|100%| O|  |TAMS 0x0000000085f00000| PB 0x0000000085f00000| Untracked 
|  96|0x0000000086000000, 0x0000000086100000, 0x0000000086100000|100%|HS|  |TAMS 0x0000000086000000| PB 0x0000000086000000| Complete 
|  97|0x0000000086100000, 0x0000000086200000, 0x0000000086200000|100%|HS|  |TAMS 0x0000000086100000| PB 0x0000000086100000| Complete 
|  98|0x0000000086200000, 0x0000000086300000, 0x0000000086300000|100%| O|  |TAMS 0x0000000086200000| PB 0x0000000086200000| Untracked 
|  99|0x0000000086300000, 0x0000000086400000, 0x0000000086400000|100%| O|  |TAMS 0x0000000086300000| PB 0x0000000086300000| Untracked 
| 100|0x0000000086400000, 0x0000000086500000, 0x0000000086500000|100%| O|  |TAMS 0x0000000086400000| PB 0x0000000086400000| Untracked 
| 101|0x0000000086500000, 0x0000000086600000, 0x0000000086600000|100%| O|  |TAMS 0x0000000086500000| PB 0x0000000086500000| Untracked 
| 102|0x0000000086600000, 0x0000000086700000, 0x0000000086700000|100%| O|  |TAMS 0x0000000086600000| PB 0x0000000086600000| Untracked 
| 103|0x0000000086700000, 0x0000000086800000, 0x0000000086800000|100%| O|  |TAMS 0x0000000086700000| PB 0x0000000086700000| Untracked 
| 104|0x0000000086800000, 0x0000000086900000, 0x0000000086900000|100%| O|  |TAMS 0x0000000086800000| PB 0x0000000086800000| Untracked 
| 105|0x0000000086900000, 0x0000000086a00000, 0x0000000086a00000|100%| O|  |TAMS 0x0000000086900000| PB 0x0000000086900000| Untracked 
| 106|0x0000000086a00000, 0x0000000086b00000, 0x0000000086b00000|100%| O|  |TAMS 0x0000000086a00000| PB 0x0000000086a00000| Untracked 
| 107|0x0000000086b00000, 0x0000000086c00000, 0x0000000086c00000|100%|HS|  |TAMS 0x0000000086b00000| PB 0x0000000086b00000| Complete 
| 108|0x0000000086c00000, 0x0000000086d00000, 0x0000000086d00000|100%| O|  |TAMS 0x0000000086c00000| PB 0x0000000086c00000| Untracked 
| 109|0x0000000086d00000, 0x0000000086e00000, 0x0000000086e00000|100%| O|  |TAMS 0x0000000086d00000| PB 0x0000000086d00000| Untracked 
| 110|0x0000000086e00000, 0x0000000086f00000, 0x0000000086f00000|100%| O|  |TAMS 0x0000000086e00000| PB 0x0000000086e00000| Untracked 
| 111|0x0000000086f00000, 0x0000000087000000, 0x0000000087000000|100%| O|  |TAMS 0x0000000086f00000| PB 0x0000000086f00000| Untracked 
| 112|0x0000000087000000, 0x0000000087100000, 0x0000000087100000|100%| O|  |TAMS 0x0000000087000000| PB 0x0000000087000000| Untracked 
| 113|0x0000000087100000, 0x0000000087200000, 0x0000000087200000|100%| O|  |TAMS 0x0000000087100000| PB 0x0000000087100000| Untracked 
| 114|0x0000000087200000, 0x0000000087300000, 0x0000000087300000|100%| O|  |TAMS 0x0000000087200000| PB 0x0000000087200000| Untracked 
| 115|0x0000000087300000, 0x0000000087400000, 0x0000000087400000|100%| O|  |TAMS 0x0000000087300000| PB 0x0000000087300000| Untracked 
| 116|0x0000000087400000, 0x0000000087500000, 0x0000000087500000|100%| O|  |TAMS 0x0000000087400000| PB 0x0000000087400000| Untracked 
| 117|0x0000000087500000, 0x0000000087600000, 0x0000000087600000|100%| O|  |TAMS 0x0000000087500000| PB 0x0000000087500000| Untracked 
| 118|0x0000000087600000, 0x0000000087700000, 0x0000000087700000|100%| O|  |TAMS 0x0000000087600000| PB 0x0000000087600000| Untracked 
| 119|0x0000000087700000, 0x0000000087800000, 0x0000000087800000|100%| O|  |TAMS 0x0000000087700000| PB 0x0000000087700000| Untracked 
| 120|0x0000000087800000, 0x0000000087900000, 0x0000000087900000|100%|HS|  |TAMS 0x0000000087800000| PB 0x0000000087800000| Complete 
| 121|0x0000000087900000, 0x0000000087a00000, 0x0000000087a00000|100%|HC|  |TAMS 0x0000000087900000| PB 0x0000000087900000| Complete 
| 122|0x0000000087a00000, 0x0000000087b00000, 0x0000000087b00000|100%|HC|  |TAMS 0x0000000087a00000| PB 0x0000000087a00000| Complete 
| 123|0x0000000087b00000, 0x0000000087c00000, 0x0000000087c00000|100%| O|  |TAMS 0x0000000087b00000| PB 0x0000000087b00000| Untracked 
| 124|0x0000000087c00000, 0x0000000087d00000, 0x0000000087d00000|100%| O|  |TAMS 0x0000000087c00000| PB 0x0000000087c00000| Untracked 
| 125|0x0000000087d00000, 0x0000000087e00000, 0x0000000087e00000|100%| O|  |TAMS 0x0000000087d00000| PB 0x0000000087d00000| Untracked 
| 126|0x0000000087e00000, 0x0000000087f00000, 0x0000000087f00000|100%| O|  |TAMS 0x0000000087e00000| PB 0x0000000087e00000| Untracked 
| 127|0x0000000087f00000, 0x0000000088000000, 0x0000000088000000|100%| O|  |TAMS 0x0000000087f00000| PB 0x0000000087f00000| Untracked 
| 128|0x0000000088000000, 0x0000000088100000, 0x0000000088100000|100%| O|  |TAMS 0x0000000088000000| PB 0x0000000088000000| Untracked 
| 129|0x0000000088100000, 0x0000000088200000, 0x0000000088200000|100%| O|  |TAMS 0x0000000088100000| PB 0x0000000088100000| Untracked 
| 130|0x0000000088200000, 0x0000000088300000, 0x0000000088300000|100%| O|  |TAMS 0x0000000088200000| PB 0x0000000088200000| Untracked 
| 131|0x0000000088300000, 0x0000000088400000, 0x0000000088400000|100%| O|  |TAMS 0x0000000088300000| PB 0x0000000088300000| Untracked 
| 132|0x0000000088400000, 0x0000000088500000, 0x0000000088500000|100%| O|  |TAMS 0x0000000088400000| PB 0x0000000088400000| Untracked 
| 133|0x0000000088500000, 0x0000000088600000, 0x0000000088600000|100%| O|  |TAMS 0x0000000088500000| PB 0x0000000088500000| Untracked 
| 134|0x0000000088600000, 0x0000000088700000, 0x0000000088700000|100%| O|  |TAMS 0x0000000088600000| PB 0x0000000088600000| Untracked 
| 135|0x0000000088700000, 0x0000000088800000, 0x0000000088800000|100%| O|  |TAMS 0x0000000088700000| PB 0x0000000088700000| Untracked 
| 136|0x0000000088800000, 0x0000000088900000, 0x0000000088900000|100%| O|  |TAMS 0x0000000088800000| PB 0x0000000088800000| Untracked 
| 137|0x0000000088900000, 0x0000000088a00000, 0x0000000088a00000|100%| O|  |TAMS 0x0000000088900000| PB 0x0000000088900000| Untracked 
| 138|0x0000000088a00000, 0x0000000088b00000, 0x0000000088b00000|100%| O|  |TAMS 0x0000000088a00000| PB 0x0000000088a00000| Untracked 
| 139|0x0000000088b00000, 0x0000000088c00000, 0x0000000088c00000|100%| O|  |TAMS 0x0000000088b00000| PB 0x0000000088b00000| Untracked 
| 140|0x0000000088c00000, 0x0000000088d00000, 0x0000000088d00000|100%| O|  |TAMS 0x0000000088c00000| PB 0x0000000088c00000| Untracked 
| 141|0x0000000088d00000, 0x0000000088e00000, 0x0000000088e00000|100%| O|  |TAMS 0x0000000088d00000| PB 0x0000000088d00000| Untracked 
| 142|0x0000000088e00000, 0x0000000088f00000, 0x0000000088f00000|100%| O|  |TAMS 0x0000000088e00000| PB 0x0000000088e00000| Untracked 
| 143|0x0000000088f00000, 0x0000000089000000, 0x0000000089000000|100%| O|  |TAMS 0x0000000088f00000| PB 0x0000000088f00000| Untracked 
| 144|0x0000000089000000, 0x0000000089100000, 0x0000000089100000|100%| O|  |TAMS 0x0000000089000000| PB 0x0000000089000000| Untracked 
| 145|0x0000000089100000, 0x0000000089200000, 0x0000000089200000|100%| O|  |TAMS 0x0000000089100000| PB 0x0000000089100000| Untracked 
| 146|0x0000000089200000, 0x0000000089300000, 0x0000000089300000|100%| O|  |TAMS 0x0000000089200000| PB 0x0000000089200000| Untracked 
| 147|0x0000000089300000, 0x0000000089400000, 0x0000000089400000|100%| O|  |TAMS 0x0000000089300000| PB 0x0000000089300000| Untracked 
| 148|0x0000000089400000, 0x0000000089500000, 0x0000000089500000|100%| O|  |TAMS 0x0000000089400000| PB 0x0000000089400000| Untracked 
| 149|0x0000000089500000, 0x0000000089600000, 0x0000000089600000|100%| O|  |TAMS 0x0000000089500000| PB 0x0000000089500000| Untracked 
| 150|0x0000000089600000, 0x0000000089700000, 0x0000000089700000|100%| O|  |TAMS 0x0000000089600000| PB 0x0000000089600000| Untracked 
| 151|0x0000000089700000, 0x0000000089800000, 0x0000000089800000|100%| O|  |TAMS 0x0000000089700000| PB 0x0000000089700000| Untracked 
| 152|0x0000000089800000, 0x0000000089900000, 0x0000000089900000|100%| O|  |TAMS 0x0000000089800000| PB 0x0000000089800000| Untracked 
| 153|0x0000000089900000, 0x0000000089a00000, 0x0000000089a00000|100%| O|  |TAMS 0x0000000089900000| PB 0x0000000089900000| Untracked 
| 154|0x0000000089a00000, 0x0000000089b00000, 0x0000000089b00000|100%| O|  |TAMS 0x0000000089a00000| PB 0x0000000089a00000| Untracked 
| 155|0x0000000089b00000, 0x0000000089c00000, 0x0000000089c00000|100%| O|  |TAMS 0x0000000089b00000| PB 0x0000000089b00000| Untracked 
| 156|0x0000000089c00000, 0x0000000089d00000, 0x0000000089d00000|100%| O|  |TAMS 0x0000000089c00000| PB 0x0000000089c00000| Untracked 
| 157|0x0000000089d00000, 0x0000000089e00000, 0x0000000089e00000|100%| O|  |TAMS 0x0000000089d00000| PB 0x0000000089d00000| Untracked 
| 158|0x0000000089e00000, 0x0000000089f00000, 0x0000000089f00000|100%| O|  |TAMS 0x0000000089e00000| PB 0x0000000089e00000| Untracked 
| 159|0x0000000089f00000, 0x000000008a000000, 0x000000008a000000|100%| O|  |TAMS 0x0000000089f00000| PB 0x0000000089f00000| Untracked 
| 160|0x000000008a000000, 0x000000008a100000, 0x000000008a100000|100%| O|  |TAMS 0x000000008a000000| PB 0x000000008a000000| Untracked 
| 161|0x000000008a100000, 0x000000008a200000, 0x000000008a200000|100%| O|  |TAMS 0x000000008a100000| PB 0x000000008a100000| Untracked 
| 162|0x000000008a200000, 0x000000008a300000, 0x000000008a300000|100%| O|  |TAMS 0x000000008a200000| PB 0x000000008a200000| Untracked 
| 163|0x000000008a300000, 0x000000008a400000, 0x000000008a400000|100%| O|  |TAMS 0x000000008a300000| PB 0x000000008a300000| Untracked 
| 164|0x000000008a400000, 0x000000008a500000, 0x000000008a500000|100%| O|  |TAMS 0x000000008a400000| PB 0x000000008a400000| Untracked 
| 165|0x000000008a500000, 0x000000008a600000, 0x000000008a600000|100%| O|  |TAMS 0x000000008a500000| PB 0x000000008a500000| Untracked 
| 166|0x000000008a600000, 0x000000008a700000, 0x000000008a700000|100%| O|  |TAMS 0x000000008a600000| PB 0x000000008a600000| Untracked 
| 167|0x000000008a700000, 0x000000008a800000, 0x000000008a800000|100%| O|  |TAMS 0x000000008a700000| PB 0x000000008a700000| Untracked 
| 168|0x000000008a800000, 0x000000008a900000, 0x000000008a900000|100%| O|  |TAMS 0x000000008a800000| PB 0x000000008a800000| Untracked 
| 169|0x000000008a900000, 0x000000008aa00000, 0x000000008aa00000|100%| O|  |TAMS 0x000000008a900000| PB 0x000000008a900000| Untracked 
| 170|0x000000008aa00000, 0x000000008ab00000, 0x000000008ab00000|100%| O|  |TAMS 0x000000008aa00000| PB 0x000000008aa00000| Untracked 
| 171|0x000000008ab00000, 0x000000008ac00000, 0x000000008ac00000|100%| O|  |TAMS 0x000000008ab00000| PB 0x000000008ab00000| Untracked 
| 172|0x000000008ac00000, 0x000000008ad00000, 0x000000008ad00000|100%| O|  |TAMS 0x000000008ac00000| PB 0x000000008ac00000| Untracked 
| 173|0x000000008ad00000, 0x000000008ae00000, 0x000000008ae00000|100%| O|  |TAMS 0x000000008ad00000| PB 0x000000008ad00000| Untracked 
| 174|0x000000008ae00000, 0x000000008af00000, 0x000000008af00000|100%| O|  |TAMS 0x000000008ae00000| PB 0x000000008ae00000| Untracked 
| 175|0x000000008af00000, 0x000000008b000000, 0x000000008b000000|100%| O|  |TAMS 0x000000008af00000| PB 0x000000008af00000| Untracked 
| 176|0x000000008b000000, 0x000000008b100000, 0x000000008b100000|100%| O|  |TAMS 0x000000008b000000| PB 0x000000008b000000| Untracked 
| 177|0x000000008b100000, 0x000000008b200000, 0x000000008b200000|100%| O|  |TAMS 0x000000008b100000| PB 0x000000008b100000| Untracked 
| 178|0x000000008b200000, 0x000000008b300000, 0x000000008b300000|100%| O|  |TAMS 0x000000008b200000| PB 0x000000008b200000| Untracked 
| 179|0x000000008b300000, 0x000000008b400000, 0x000000008b400000|100%| O|  |TAMS 0x000000008b300000| PB 0x000000008b300000| Untracked 
| 180|0x000000008b400000, 0x000000008b500000, 0x000000008b500000|100%| O|  |TAMS 0x000000008b400000| PB 0x000000008b400000| Untracked 
| 181|0x000000008b500000, 0x000000008b600000, 0x000000008b600000|100%| O|  |TAMS 0x000000008b500000| PB 0x000000008b500000| Untracked 
| 182|0x000000008b600000, 0x000000008b700000, 0x000000008b700000|100%| O|  |TAMS 0x000000008b600000| PB 0x000000008b600000| Untracked 
| 183|0x000000008b700000, 0x000000008b800000, 0x000000008b800000|100%| O|  |TAMS 0x000000008b700000| PB 0x000000008b700000| Untracked 
| 184|0x000000008b800000, 0x000000008b900000, 0x000000008b900000|100%| O|  |TAMS 0x000000008b800000| PB 0x000000008b800000| Untracked 
| 185|0x000000008b900000, 0x000000008ba00000, 0x000000008ba00000|100%| O|  |TAMS 0x000000008b900000| PB 0x000000008b900000| Untracked 
| 186|0x000000008ba00000, 0x000000008bb00000, 0x000000008bb00000|100%| O|  |TAMS 0x000000008ba00000| PB 0x000000008ba00000| Untracked 
| 187|0x000000008bb00000, 0x000000008bc00000, 0x000000008bc00000|100%| O|  |TAMS 0x000000008bb00000| PB 0x000000008bb00000| Untracked 
| 188|0x000000008bc00000, 0x000000008bd00000, 0x000000008bd00000|100%|HS|  |TAMS 0x000000008bc00000| PB 0x000000008bc00000| Complete 
| 189|0x000000008bd00000, 0x000000008be00000, 0x000000008be00000|100%| O|  |TAMS 0x000000008bd00000| PB 0x000000008bd00000| Untracked 
| 190|0x000000008be00000, 0x000000008bf00000, 0x000000008bf00000|100%| O|  |TAMS 0x000000008be00000| PB 0x000000008be00000| Untracked 
| 191|0x000000008bf00000, 0x000000008c000000, 0x000000008c000000|100%| O|  |TAMS 0x000000008bf00000| PB 0x000000008bf00000| Untracked 
| 192|0x000000008c000000, 0x000000008c100000, 0x000000008c100000|100%| O|  |TAMS 0x000000008c000000| PB 0x000000008c000000| Untracked 
| 193|0x000000008c100000, 0x000000008c200000, 0x000000008c200000|100%| O|  |TAMS 0x000000008c100000| PB 0x000000008c100000| Untracked 
| 194|0x000000008c200000, 0x000000008c300000, 0x000000008c300000|100%| O|  |TAMS 0x000000008c200000| PB 0x000000008c200000| Untracked 
| 195|0x000000008c300000, 0x000000008c400000, 0x000000008c400000|100%| O|  |TAMS 0x000000008c300000| PB 0x000000008c300000| Untracked 
| 196|0x000000008c400000, 0x000000008c500000, 0x000000008c500000|100%| O|  |TAMS 0x000000008c400000| PB 0x000000008c400000| Untracked 
| 197|0x000000008c500000, 0x000000008c600000, 0x000000008c600000|100%|HS|  |TAMS 0x000000008c500000| PB 0x000000008c500000| Complete 
| 198|0x000000008c600000, 0x000000008c700000, 0x000000008c700000|100%|HS|  |TAMS 0x000000008c600000| PB 0x000000008c600000| Complete 
| 199|0x000000008c700000, 0x000000008c800000, 0x000000008c800000|100%| O|  |TAMS 0x000000008c700000| PB 0x000000008c700000| Untracked 
| 200|0x000000008c800000, 0x000000008c900000, 0x000000008c900000|100%| O|  |TAMS 0x000000008c800000| PB 0x000000008c800000| Untracked 
| 201|0x000000008c900000, 0x000000008ca00000, 0x000000008ca00000|100%| O|  |TAMS 0x000000008c900000| PB 0x000000008c900000| Untracked 
| 202|0x000000008ca00000, 0x000000008cb00000, 0x000000008cb00000|100%| O|  |TAMS 0x000000008ca00000| PB 0x000000008ca00000| Untracked 
| 203|0x000000008cb00000, 0x000000008cc00000, 0x000000008cc00000|100%| O|  |TAMS 0x000000008cb00000| PB 0x000000008cb00000| Untracked 
| 204|0x000000008cc00000, 0x000000008cd00000, 0x000000008cd00000|100%| O|  |TAMS 0x000000008cc00000| PB 0x000000008cc00000| Untracked 
| 205|0x000000008cd00000, 0x000000008ce00000, 0x000000008ce00000|100%| O|  |TAMS 0x000000008cd00000| PB 0x000000008cd00000| Untracked 
| 206|0x000000008ce00000, 0x000000008cf00000, 0x000000008cf00000|100%| O|  |TAMS 0x000000008ce00000| PB 0x000000008ce00000| Untracked 
| 207|0x000000008cf00000, 0x000000008d000000, 0x000000008d000000|100%| O|  |TAMS 0x000000008cf00000| PB 0x000000008cf00000| Untracked 
| 208|0x000000008d000000, 0x000000008d100000, 0x000000008d100000|100%| O|  |TAMS 0x000000008d000000| PB 0x000000008d000000| Untracked 
| 209|0x000000008d100000, 0x000000008d200000, 0x000000008d200000|100%| O|  |TAMS 0x000000008d100000| PB 0x000000008d100000| Untracked 
| 210|0x000000008d200000, 0x000000008d300000, 0x000000008d300000|100%| O|  |TAMS 0x000000008d200000| PB 0x000000008d200000| Untracked 
| 211|0x000000008d300000, 0x000000008d400000, 0x000000008d400000|100%| O|  |TAMS 0x000000008d300000| PB 0x000000008d300000| Untracked 
| 212|0x000000008d400000, 0x000000008d500000, 0x000000008d500000|100%| O|  |TAMS 0x000000008d400000| PB 0x000000008d400000| Untracked 
| 213|0x000000008d500000, 0x000000008d600000, 0x000000008d600000|100%|HS|  |TAMS 0x000000008d500000| PB 0x000000008d500000| Complete 
| 214|0x000000008d600000, 0x000000008d700000, 0x000000008d700000|100%|HS|  |TAMS 0x000000008d600000| PB 0x000000008d600000| Complete 
| 215|0x000000008d700000, 0x000000008d800000, 0x000000008d800000|100%| O|  |TAMS 0x000000008d700000| PB 0x000000008d700000| Untracked 
| 216|0x000000008d800000, 0x000000008d900000, 0x000000008d900000|100%|HS|  |TAMS 0x000000008d800000| PB 0x000000008d800000| Complete 
| 217|0x000000008d900000, 0x000000008da00000, 0x000000008da00000|100%|HC|  |TAMS 0x000000008d900000| PB 0x000000008d900000| Complete 
| 218|0x000000008da00000, 0x000000008db00000, 0x000000008db00000|100%| O|  |TAMS 0x000000008da00000| PB 0x000000008da00000| Untracked 
| 219|0x000000008db00000, 0x000000008dc00000, 0x000000008dc00000|100%| O|  |TAMS 0x000000008db00000| PB 0x000000008db00000| Untracked 
| 220|0x000000008dc00000, 0x000000008dd00000, 0x000000008dd00000|100%| O|  |TAMS 0x000000008dc00000| PB 0x000000008dc00000| Untracked 
| 221|0x000000008dd00000, 0x000000008de00000, 0x000000008de00000|100%| O|  |TAMS 0x000000008dd00000| PB 0x000000008dd00000| Untracked 
| 222|0x000000008de00000, 0x000000008df00000, 0x000000008df00000|100%| O|  |TAMS 0x000000008de00000| PB 0x000000008de00000| Untracked 
| 223|0x000000008df00000, 0x000000008e000000, 0x000000008e000000|100%| O|  |TAMS 0x000000008df00000| PB 0x000000008df00000| Untracked 
| 224|0x000000008e000000, 0x000000008e100000, 0x000000008e100000|100%| O|  |TAMS 0x000000008e000000| PB 0x000000008e000000| Untracked 
| 225|0x000000008e100000, 0x000000008e200000, 0x000000008e200000|100%| O|  |TAMS 0x000000008e100000| PB 0x000000008e100000| Untracked 
| 226|0x000000008e200000, 0x000000008e300000, 0x000000008e300000|100%| O|  |TAMS 0x000000008e200000| PB 0x000000008e200000| Untracked 
| 227|0x000000008e300000, 0x000000008e400000, 0x000000008e400000|100%| O|  |TAMS 0x000000008e300000| PB 0x000000008e300000| Untracked 
| 228|0x000000008e400000, 0x000000008e500000, 0x000000008e500000|100%| O|  |TAMS 0x000000008e400000| PB 0x000000008e400000| Untracked 
| 229|0x000000008e500000, 0x000000008e600000, 0x000000008e600000|100%| O|  |TAMS 0x000000008e500000| PB 0x000000008e500000| Untracked 
| 230|0x000000008e600000, 0x000000008e700000, 0x000000008e700000|100%| O|  |TAMS 0x000000008e600000| PB 0x000000008e600000| Untracked 
| 231|0x000000008e700000, 0x000000008e800000, 0x000000008e800000|100%| O|  |TAMS 0x000000008e700000| PB 0x000000008e700000| Untracked 
| 232|0x000000008e800000, 0x000000008e900000, 0x000000008e900000|100%| O|  |TAMS 0x000000008e800000| PB 0x000000008e800000| Untracked 
| 233|0x000000008e900000, 0x000000008ea00000, 0x000000008ea00000|100%| O|  |TAMS 0x000000008e900000| PB 0x000000008e900000| Untracked 
| 234|0x000000008ea00000, 0x000000008eb00000, 0x000000008eb00000|100%| O|  |TAMS 0x000000008ea00000| PB 0x000000008ea00000| Untracked 
| 235|0x000000008eb00000, 0x000000008ec00000, 0x000000008ec00000|100%| O|  |TAMS 0x000000008eb00000| PB 0x000000008eb00000| Untracked 
| 236|0x000000008ec00000, 0x000000008ed00000, 0x000000008ed00000|100%| O|  |TAMS 0x000000008ec00000| PB 0x000000008ec00000| Untracked 
| 237|0x000000008ed00000, 0x000000008ee00000, 0x000000008ee00000|100%| O|  |TAMS 0x000000008ed00000| PB 0x000000008ed00000| Untracked 
| 238|0x000000008ee00000, 0x000000008ef00000, 0x000000008ef00000|100%| O|  |TAMS 0x000000008ee00000| PB 0x000000008ee00000| Untracked 
| 239|0x000000008ef00000, 0x000000008f000000, 0x000000008f000000|100%| O|  |TAMS 0x000000008ef00000| PB 0x000000008ef00000| Untracked 
| 240|0x000000008f000000, 0x000000008f100000, 0x000000008f100000|100%| O|  |TAMS 0x000000008f000000| PB 0x000000008f000000| Untracked 
| 241|0x000000008f100000, 0x000000008f200000, 0x000000008f200000|100%| O|  |TAMS 0x000000008f100000| PB 0x000000008f100000| Untracked 
| 242|0x000000008f200000, 0x000000008f300000, 0x000000008f300000|100%| O|  |TAMS 0x000000008f200000| PB 0x000000008f200000| Untracked 
| 243|0x000000008f300000, 0x000000008f400000, 0x000000008f400000|100%|HS|  |TAMS 0x000000008f300000| PB 0x000000008f300000| Complete 
| 244|0x000000008f400000, 0x000000008f500000, 0x000000008f500000|100%| O|  |TAMS 0x000000008f400000| PB 0x000000008f400000| Untracked 
| 245|0x000000008f500000, 0x000000008f600000, 0x000000008f600000|100%| O|  |TAMS 0x000000008f500000| PB 0x000000008f500000| Untracked 
| 246|0x000000008f600000, 0x000000008f700000, 0x000000008f700000|100%| O|  |TAMS 0x000000008f600000| PB 0x000000008f600000| Untracked 
| 247|0x000000008f700000, 0x000000008f800000, 0x000000008f800000|100%| O|  |TAMS 0x000000008f700000| PB 0x000000008f700000| Untracked 
| 248|0x000000008f800000, 0x000000008f900000, 0x000000008f900000|100%| O|  |TAMS 0x000000008f800000| PB 0x000000008f800000| Untracked 
| 249|0x000000008f900000, 0x000000008fa00000, 0x000000008fa00000|100%| O|  |TAMS 0x000000008f900000| PB 0x000000008f900000| Untracked 
| 250|0x000000008fa00000, 0x000000008fb00000, 0x000000008fb00000|100%| O|  |TAMS 0x000000008fa00000| PB 0x000000008fa00000| Untracked 
| 251|0x000000008fb00000, 0x000000008fc00000, 0x000000008fc00000|100%| O|  |TAMS 0x000000008fb00000| PB 0x000000008fb00000| Untracked 
| 252|0x000000008fc00000, 0x000000008fd00000, 0x000000008fd00000|100%| O|  |TAMS 0x000000008fc00000| PB 0x000000008fc00000| Untracked 
| 253|0x000000008fd00000, 0x000000008fe00000, 0x000000008fe00000|100%|HS|  |TAMS 0x000000008fd00000| PB 0x000000008fd00000| Complete 
| 254|0x000000008fe00000, 0x000000008ff00000, 0x000000008ff00000|100%|HS|  |TAMS 0x000000008fe00000| PB 0x000000008fe00000| Complete 
| 255|0x000000008ff00000, 0x0000000090000000, 0x0000000090000000|100%| O|  |TAMS 0x000000008ff00000| PB 0x000000008ff00000| Untracked 
| 256|0x0000000090000000, 0x0000000090100000, 0x0000000090100000|100%| O|  |TAMS 0x0000000090000000| PB 0x0000000090000000| Untracked 
| 257|0x0000000090100000, 0x0000000090200000, 0x0000000090200000|100%| O|  |TAMS 0x0000000090100000| PB 0x0000000090100000| Untracked 
| 258|0x0000000090200000, 0x0000000090300000, 0x0000000090300000|100%| O|  |TAMS 0x0000000090200000| PB 0x0000000090200000| Untracked 
| 259|0x0000000090300000, 0x0000000090400000, 0x0000000090400000|100%| O|  |TAMS 0x0000000090300000| PB 0x0000000090300000| Untracked 
| 260|0x0000000090400000, 0x0000000090500000, 0x0000000090500000|100%| O|  |TAMS 0x0000000090400000| PB 0x0000000090400000| Untracked 
| 261|0x0000000090500000, 0x0000000090600000, 0x0000000090600000|100%| O|  |TAMS 0x0000000090500000| PB 0x0000000090500000| Untracked 
| 262|0x0000000090600000, 0x0000000090700000, 0x0000000090700000|100%| O|  |TAMS 0x0000000090600000| PB 0x0000000090600000| Untracked 
| 263|0x0000000090700000, 0x0000000090800000, 0x0000000090800000|100%| O|  |TAMS 0x0000000090700000| PB 0x0000000090700000| Untracked 
| 264|0x0000000090800000, 0x0000000090900000, 0x0000000090900000|100%| O|  |TAMS 0x0000000090800000| PB 0x0000000090800000| Untracked 
| 265|0x0000000090900000, 0x0000000090a00000, 0x0000000090a00000|100%| O|  |TAMS 0x0000000090900000| PB 0x0000000090900000| Untracked 
| 266|0x0000000090a00000, 0x0000000090b00000, 0x0000000090b00000|100%| O|  |TAMS 0x0000000090a00000| PB 0x0000000090a00000| Untracked 
| 267|0x0000000090b00000, 0x0000000090c00000, 0x0000000090c00000|100%| O|  |TAMS 0x0000000090b00000| PB 0x0000000090b00000| Untracked 
| 268|0x0000000090c00000, 0x0000000090d00000, 0x0000000090d00000|100%| O|  |TAMS 0x0000000090c00000| PB 0x0000000090c00000| Untracked 
| 269|0x0000000090d00000, 0x0000000090e00000, 0x0000000090e00000|100%| O|  |TAMS 0x0000000090d00000| PB 0x0000000090d00000| Untracked 
| 270|0x0000000090e00000, 0x0000000090f00000, 0x0000000090f00000|100%| O|  |TAMS 0x0000000090e00000| PB 0x0000000090e00000| Untracked 
| 271|0x0000000090f00000, 0x0000000091000000, 0x0000000091000000|100%| O|  |TAMS 0x0000000090f00000| PB 0x0000000090f00000| Untracked 
| 272|0x0000000091000000, 0x0000000091100000, 0x0000000091100000|100%|HS|  |TAMS 0x0000000091000000| PB 0x0000000091000000| Complete 
| 273|0x0000000091100000, 0x0000000091200000, 0x0000000091200000|100%|HS|  |TAMS 0x0000000091100000| PB 0x0000000091100000| Complete 
| 274|0x0000000091200000, 0x0000000091300000, 0x0000000091300000|100%| O|  |TAMS 0x0000000091200000| PB 0x0000000091200000| Untracked 
| 275|0x0000000091300000, 0x0000000091400000, 0x0000000091400000|100%| O|  |TAMS 0x0000000091300000| PB 0x0000000091300000| Untracked 
| 276|0x0000000091400000, 0x0000000091500000, 0x0000000091500000|100%| O|  |TAMS 0x0000000091400000| PB 0x0000000091400000| Untracked 
| 277|0x0000000091500000, 0x0000000091600000, 0x0000000091600000|100%| O|  |TAMS 0x0000000091500000| PB 0x0000000091500000| Untracked 
| 278|0x0000000091600000, 0x0000000091700000, 0x0000000091700000|100%| O|  |TAMS 0x0000000091600000| PB 0x0000000091600000| Untracked 
| 279|0x0000000091700000, 0x0000000091800000, 0x0000000091800000|100%| O|  |TAMS 0x0000000091700000| PB 0x0000000091700000| Untracked 
| 280|0x0000000091800000, 0x0000000091900000, 0x0000000091900000|100%| O|  |TAMS 0x0000000091800000| PB 0x0000000091800000| Untracked 
| 281|0x0000000091900000, 0x0000000091a00000, 0x0000000091a00000|100%| O|  |TAMS 0x0000000091900000| PB 0x0000000091900000| Untracked 
| 282|0x0000000091a00000, 0x0000000091b00000, 0x0000000091b00000|100%| O|  |TAMS 0x0000000091a00000| PB 0x0000000091a00000| Untracked 
| 283|0x0000000091b00000, 0x0000000091c00000, 0x0000000091c00000|100%| O|  |TAMS 0x0000000091b00000| PB 0x0000000091b00000| Untracked 
| 284|0x0000000091c00000, 0x0000000091d00000, 0x0000000091d00000|100%| O|  |TAMS 0x0000000091c00000| PB 0x0000000091c00000| Untracked 
| 285|0x0000000091d00000, 0x0000000091e00000, 0x0000000091e00000|100%| O|  |TAMS 0x0000000091d00000| PB 0x0000000091d00000| Untracked 
| 286|0x0000000091e00000, 0x0000000091f00000, 0x0000000091f00000|100%| O|  |TAMS 0x0000000091e00000| PB 0x0000000091e00000| Untracked 
| 287|0x0000000091f00000, 0x0000000092000000, 0x0000000092000000|100%| O|  |TAMS 0x0000000091f00000| PB 0x0000000091f00000| Untracked 
| 288|0x0000000092000000, 0x0000000092100000, 0x0000000092100000|100%| O|  |TAMS 0x0000000092000000| PB 0x0000000092000000| Untracked 
| 289|0x0000000092100000, 0x0000000092200000, 0x0000000092200000|100%| O|  |TAMS 0x0000000092100000| PB 0x0000000092100000| Untracked 
| 290|0x0000000092200000, 0x0000000092300000, 0x0000000092300000|100%| O|  |TAMS 0x0000000092200000| PB 0x0000000092200000| Untracked 
| 291|0x0000000092300000, 0x0000000092400000, 0x0000000092400000|100%| O|  |TAMS 0x0000000092300000| PB 0x0000000092300000| Untracked 
| 292|0x0000000092400000, 0x0000000092500000, 0x0000000092500000|100%| O|  |TAMS 0x0000000092400000| PB 0x0000000092400000| Untracked 
| 293|0x0000000092500000, 0x0000000092600000, 0x0000000092600000|100%| O|  |TAMS 0x0000000092500000| PB 0x0000000092500000| Untracked 
| 294|0x0000000092600000, 0x0000000092700000, 0x0000000092700000|100%| O|Cm|TAMS 0x0000000092600000| PB 0x0000000092600000| Complete 
| 295|0x0000000092700000, 0x0000000092800000, 0x0000000092800000|100%| O|  |TAMS 0x0000000092700000| PB 0x0000000092700000| Untracked 
| 296|0x0000000092800000, 0x0000000092900000, 0x0000000092900000|100%| O|  |TAMS 0x0000000092800000| PB 0x0000000092800000| Untracked 
| 297|0x0000000092900000, 0x0000000092a00000, 0x0000000092a00000|100%| O|  |TAMS 0x0000000092900000| PB 0x0000000092900000| Untracked 
| 298|0x0000000092a00000, 0x0000000092b00000, 0x0000000092b00000|100%| O|  |TAMS 0x0000000092a00000| PB 0x0000000092a00000| Untracked 
| 299|0x0000000092b00000, 0x0000000092c00000, 0x0000000092c00000|100%| O|  |TAMS 0x0000000092b00000| PB 0x0000000092b00000| Untracked 
| 300|0x0000000092c00000, 0x0000000092d00000, 0x0000000092d00000|100%| O|  |TAMS 0x0000000092c00000| PB 0x0000000092c00000| Untracked 
| 301|0x0000000092d00000, 0x0000000092e00000, 0x0000000092e00000|100%| O|  |TAMS 0x0000000092d00000| PB 0x0000000092d00000| Untracked 
| 302|0x0000000092e00000, 0x0000000092f00000, 0x0000000092f00000|100%| O|  |TAMS 0x0000000092e00000| PB 0x0000000092e00000| Untracked 
| 303|0x0000000092f00000, 0x0000000093000000, 0x0000000093000000|100%| O|  |TAMS 0x0000000092f00000| PB 0x0000000092f00000| Untracked 
| 304|0x0000000093000000, 0x0000000093100000, 0x0000000093100000|100%| O|  |TAMS 0x0000000093000000| PB 0x0000000093000000| Untracked 
| 305|0x0000000093100000, 0x0000000093200000, 0x0000000093200000|100%| O|  |TAMS 0x0000000093100000| PB 0x0000000093100000| Untracked 
| 306|0x0000000093200000, 0x0000000093300000, 0x0000000093300000|100%| O|  |TAMS 0x0000000093200000| PB 0x0000000093200000| Untracked 
| 307|0x0000000093300000, 0x0000000093400000, 0x0000000093400000|100%| O|  |TAMS 0x0000000093300000| PB 0x0000000093300000| Untracked 
| 308|0x0000000093400000, 0x0000000093500000, 0x0000000093500000|100%| O|  |TAMS 0x0000000093400000| PB 0x0000000093400000| Untracked 
| 309|0x0000000093500000, 0x0000000093600000, 0x0000000093600000|100%| O|  |TAMS 0x0000000093500000| PB 0x0000000093500000| Untracked 
| 310|0x0000000093600000, 0x0000000093700000, 0x0000000093700000|100%| O|  |TAMS 0x0000000093600000| PB 0x0000000093600000| Untracked 
| 311|0x0000000093700000, 0x0000000093800000, 0x0000000093800000|100%| O|  |TAMS 0x0000000093700000| PB 0x0000000093700000| Untracked 
| 312|0x0000000093800000, 0x0000000093900000, 0x0000000093900000|100%| O|  |TAMS 0x0000000093800000| PB 0x0000000093800000| Untracked 
| 313|0x0000000093900000, 0x0000000093a00000, 0x0000000093a00000|100%| O|  |TAMS 0x0000000093900000| PB 0x0000000093900000| Untracked 
| 314|0x0000000093a00000, 0x0000000093b00000, 0x0000000093b00000|100%| O|  |TAMS 0x0000000093a00000| PB 0x0000000093a00000| Untracked 
| 315|0x0000000093b00000, 0x0000000093c00000, 0x0000000093c00000|100%| O|  |TAMS 0x0000000093b00000| PB 0x0000000093b00000| Untracked 
| 316|0x0000000093c00000, 0x0000000093d00000, 0x0000000093d00000|100%| O|  |TAMS 0x0000000093c00000| PB 0x0000000093c00000| Untracked 
| 317|0x0000000093d00000, 0x0000000093e00000, 0x0000000093e00000|100%| O|  |TAMS 0x0000000093d00000| PB 0x0000000093d00000| Untracked 
| 318|0x0000000093e00000, 0x0000000093f00000, 0x0000000093f00000|100%| O|  |TAMS 0x0000000093e00000| PB 0x0000000093e00000| Untracked 
| 319|0x0000000093f00000, 0x0000000094000000, 0x0000000094000000|100%| O|  |TAMS 0x0000000093f00000| PB 0x0000000093f00000| Untracked 
| 320|0x0000000094000000, 0x0000000094100000, 0x0000000094100000|100%| O|  |TAMS 0x0000000094000000| PB 0x0000000094000000| Untracked 
| 321|0x0000000094100000, 0x0000000094200000, 0x0000000094200000|100%| O|  |TAMS 0x0000000094100000| PB 0x0000000094100000| Untracked 
| 322|0x0000000094200000, 0x0000000094300000, 0x0000000094300000|100%| O|  |TAMS 0x0000000094200000| PB 0x0000000094200000| Untracked 
| 323|0x0000000094300000, 0x0000000094400000, 0x0000000094400000|100%| O|  |TAMS 0x0000000094300000| PB 0x0000000094300000| Untracked 
| 324|0x0000000094400000, 0x0000000094500000, 0x0000000094500000|100%| O|  |TAMS 0x0000000094400000| PB 0x0000000094400000| Untracked 
| 325|0x0000000094500000, 0x0000000094600000, 0x0000000094600000|100%| O|  |TAMS 0x0000000094500000| PB 0x0000000094500000| Untracked 
| 326|0x0000000094600000, 0x0000000094700000, 0x0000000094700000|100%| O|  |TAMS 0x0000000094600000| PB 0x0000000094600000| Untracked 
| 327|0x0000000094700000, 0x0000000094800000, 0x0000000094800000|100%| O|  |TAMS 0x0000000094700000| PB 0x0000000094700000| Untracked 
| 328|0x0000000094800000, 0x0000000094900000, 0x0000000094900000|100%| O|  |TAMS 0x0000000094800000| PB 0x0000000094800000| Untracked 
| 329|0x0000000094900000, 0x0000000094a00000, 0x0000000094a00000|100%| O|  |TAMS 0x0000000094900000| PB 0x0000000094900000| Untracked 
| 330|0x0000000094a00000, 0x0000000094b00000, 0x0000000094b00000|100%| O|  |TAMS 0x0000000094a00000| PB 0x0000000094a00000| Untracked 
| 331|0x0000000094b00000, 0x0000000094c00000, 0x0000000094c00000|100%| O|  |TAMS 0x0000000094b00000| PB 0x0000000094b00000| Untracked 
| 332|0x0000000094c00000, 0x0000000094d00000, 0x0000000094d00000|100%| O|  |TAMS 0x0000000094c00000| PB 0x0000000094c00000| Untracked 
| 333|0x0000000094d00000, 0x0000000094e00000, 0x0000000094e00000|100%| O|  |TAMS 0x0000000094d00000| PB 0x0000000094d00000| Untracked 
| 334|0x0000000094e00000, 0x0000000094f00000, 0x0000000094f00000|100%| O|  |TAMS 0x0000000094e00000| PB 0x0000000094e00000| Untracked 
| 335|0x0000000094f00000, 0x0000000095000000, 0x0000000095000000|100%| O|  |TAMS 0x0000000094f00000| PB 0x0000000094f00000| Untracked 
| 336|0x0000000095000000, 0x0000000095100000, 0x0000000095100000|100%| O|  |TAMS 0x0000000095000000| PB 0x0000000095000000| Untracked 
| 337|0x0000000095100000, 0x0000000095200000, 0x0000000095200000|100%| O|  |TAMS 0x0000000095100000| PB 0x0000000095100000| Untracked 
| 338|0x0000000095200000, 0x0000000095300000, 0x0000000095300000|100%| O|  |TAMS 0x0000000095200000| PB 0x0000000095200000| Untracked 
| 339|0x0000000095300000, 0x0000000095400000, 0x0000000095400000|100%| O|  |TAMS 0x0000000095300000| PB 0x0000000095300000| Untracked 
| 340|0x0000000095400000, 0x0000000095500000, 0x0000000095500000|100%| O|  |TAMS 0x0000000095400000| PB 0x0000000095400000| Untracked 
| 341|0x0000000095500000, 0x0000000095600000, 0x0000000095600000|100%| O|  |TAMS 0x0000000095500000| PB 0x0000000095500000| Untracked 
| 342|0x0000000095600000, 0x0000000095700000, 0x0000000095700000|100%| O|  |TAMS 0x0000000095600000| PB 0x0000000095600000| Untracked 
| 343|0x0000000095700000, 0x0000000095800000, 0x0000000095800000|100%| O|  |TAMS 0x0000000095700000| PB 0x0000000095700000| Untracked 
| 344|0x0000000095800000, 0x0000000095900000, 0x0000000095900000|100%| O|  |TAMS 0x0000000095800000| PB 0x0000000095800000| Untracked 
| 345|0x0000000095900000, 0x0000000095a00000, 0x0000000095a00000|100%| O|  |TAMS 0x0000000095900000| PB 0x0000000095900000| Untracked 
| 346|0x0000000095a00000, 0x0000000095a4bcc0, 0x0000000095b00000| 29%| O|  |TAMS 0x0000000095a00000| PB 0x0000000095a00000| Untracked 
| 347|0x0000000095b00000, 0x0000000095c00000, 0x0000000095c00000|100%| O|  |TAMS 0x0000000095b00000| PB 0x0000000095b00000| Untracked 
| 348|0x0000000095c00000, 0x0000000095d00000, 0x0000000095d00000|100%|HS|  |TAMS 0x0000000095c00000| PB 0x0000000095c00000| Complete 
| 349|0x0000000095d00000, 0x0000000095e00000, 0x0000000095e00000|100%|HC|  |TAMS 0x0000000095d00000| PB 0x0000000095d00000| Complete 
| 350|0x0000000095e00000, 0x0000000095f00000, 0x0000000095f00000|100%| O|  |TAMS 0x0000000095e00000| PB 0x0000000095e00000| Untracked 
| 351|0x0000000095f00000, 0x0000000096000000, 0x0000000096000000|100%|HS|  |TAMS 0x0000000095f00000| PB 0x0000000095f00000| Complete 
| 352|0x0000000096000000, 0x0000000096100000, 0x0000000096100000|100%|HC|  |TAMS 0x0000000096000000| PB 0x0000000096000000| Complete 
| 353|0x0000000096100000, 0x0000000096200000, 0x0000000096200000|100%| O|  |TAMS 0x0000000096100000| PB 0x0000000096100000| Untracked 
| 354|0x0000000096200000, 0x0000000096300000, 0x0000000096300000|100%| O|  |TAMS 0x0000000096200000| PB 0x0000000096200000| Untracked 
| 355|0x0000000096300000, 0x0000000096400000, 0x0000000096400000|100%|HS|  |TAMS 0x0000000096300000| PB 0x0000000096300000| Complete 
| 356|0x0000000096400000, 0x0000000096500000, 0x0000000096500000|100%| O|  |TAMS 0x0000000096400000| PB 0x0000000096400000| Untracked 
| 357|0x0000000096500000, 0x0000000096600000, 0x0000000096600000|100%|HS|  |TAMS 0x0000000096500000| PB 0x0000000096500000| Complete 
| 358|0x0000000096600000, 0x0000000096700000, 0x0000000096700000|100%| O|  |TAMS 0x0000000096600000| PB 0x0000000096600000| Untracked 
| 359|0x0000000096700000, 0x0000000096800000, 0x0000000096800000|100%| O|  |TAMS 0x0000000096700000| PB 0x0000000096700000| Untracked 
| 360|0x0000000096800000, 0x0000000096900000, 0x0000000096900000|100%| O|  |TAMS 0x0000000096800000| PB 0x0000000096800000| Untracked 
| 361|0x0000000096900000, 0x0000000096a00000, 0x0000000096a00000|100%| O|  |TAMS 0x0000000096900000| PB 0x0000000096900000| Untracked 
| 362|0x0000000096a00000, 0x0000000096b00000, 0x0000000096b00000|100%|HS|  |TAMS 0x0000000096a00000| PB 0x0000000096a00000| Complete 
| 363|0x0000000096b00000, 0x0000000096c00000, 0x0000000096c00000|100%|HC|  |TAMS 0x0000000096b00000| PB 0x0000000096b00000| Complete 
| 364|0x0000000096c00000, 0x0000000096d00000, 0x0000000096d00000|100%|HS|  |TAMS 0x0000000096c00000| PB 0x0000000096c00000| Complete 
| 365|0x0000000096d00000, 0x0000000096e00000, 0x0000000096e00000|100%|HC|  |TAMS 0x0000000096d00000| PB 0x0000000096d00000| Complete 
| 366|0x0000000096e00000, 0x0000000096f00000, 0x0000000096f00000|100%|HS|  |TAMS 0x0000000096e00000| PB 0x0000000096e00000| Complete 
| 367|0x0000000096f00000, 0x0000000097000000, 0x0000000097000000|100%| O|  |TAMS 0x0000000096f00000| PB 0x0000000096f00000| Untracked 
| 368|0x0000000097000000, 0x0000000097100000, 0x0000000097100000|100%| O|  |TAMS 0x0000000097000000| PB 0x0000000097000000| Untracked 
| 369|0x0000000097100000, 0x0000000097200000, 0x0000000097200000|100%| O|  |TAMS 0x0000000097100000| PB 0x0000000097100000| Untracked 
| 370|0x0000000097200000, 0x0000000097200000, 0x0000000097300000|  0%| F|  |TAMS 0x0000000097200000| PB 0x0000000097200000| Untracked 
| 371|0x0000000097300000, 0x0000000097400000, 0x0000000097400000|100%| O|Cm|TAMS 0x0000000097300000| PB 0x0000000097300000| Complete 
| 372|0x0000000097400000, 0x0000000097500000, 0x0000000097500000|100%| O|  |TAMS 0x0000000097400000| PB 0x0000000097400000| Untracked 
| 373|0x0000000097500000, 0x0000000097600000, 0x0000000097600000|100%| O|Cm|TAMS 0x0000000097500000| PB 0x0000000097500000| Complete 
| 374|0x0000000097600000, 0x0000000097700000, 0x0000000097700000|100%| O|Cm|TAMS 0x0000000097600000| PB 0x0000000097600000| Complete 
| 375|0x0000000097700000, 0x0000000097800000, 0x0000000097800000|100%|HS|  |TAMS 0x0000000097700000| PB 0x0000000097700000| Complete 
| 376|0x0000000097800000, 0x0000000097900000, 0x0000000097900000|100%|HC|  |TAMS 0x0000000097800000| PB 0x0000000097800000| Complete 
| 377|0x0000000097900000, 0x0000000097a00000, 0x0000000097a00000|100%|HS|  |TAMS 0x0000000097900000| PB 0x0000000097900000| Complete 
| 378|0x0000000097a00000, 0x0000000097b00000, 0x0000000097b00000|100%|HC|  |TAMS 0x0000000097a00000| PB 0x0000000097a00000| Complete 
| 379|0x0000000097b00000, 0x0000000097b00000, 0x0000000097c00000|  0%| F|  |TAMS 0x0000000097b00000| PB 0x0000000097b00000| Untracked 
| 380|0x0000000097c00000, 0x0000000097d00000, 0x0000000097d00000|100%| O|  |TAMS 0x0000000097c00000| PB 0x0000000097c00000| Untracked 
| 381|0x0000000097d00000, 0x0000000097d00000, 0x0000000097e00000|  0%| F|  |TAMS 0x0000000097d00000| PB 0x0000000097d00000| Untracked 
| 382|0x0000000097e00000, 0x0000000097e00000, 0x0000000097f00000|  0%| F|  |TAMS 0x0000000097e00000| PB 0x0000000097e00000| Untracked 
| 383|0x0000000097f00000, 0x0000000097f00000, 0x0000000098000000|  0%| F|  |TAMS 0x0000000097f00000| PB 0x0000000097f00000| Untracked 
| 384|0x0000000098000000, 0x0000000098100000, 0x0000000098100000|100%| O|Cm|TAMS 0x0000000098000000| PB 0x0000000098000000| Complete 
| 385|0x0000000098100000, 0x0000000098100000, 0x0000000098200000|  0%| F|  |TAMS 0x0000000098100000| PB 0x0000000098100000| Untracked 
| 386|0x0000000098200000, 0x0000000098300000, 0x0000000098300000|100%| O|Cm|TAMS 0x0000000098200000| PB 0x0000000098200000| Complete 
| 387|0x0000000098300000, 0x0000000098400000, 0x0000000098400000|100%| O|Cm|TAMS 0x0000000098300000| PB 0x0000000098300000| Complete 
| 388|0x0000000098400000, 0x0000000098400000, 0x0000000098500000|  0%| F|  |TAMS 0x0000000098400000| PB 0x0000000098400000| Untracked 
| 389|0x0000000098500000, 0x0000000098500000, 0x0000000098600000|  0%| F|  |TAMS 0x0000000098500000| PB 0x0000000098500000| Untracked 
| 390|0x0000000098600000, 0x0000000098600000, 0x0000000098700000|  0%| F|  |TAMS 0x0000000098600000| PB 0x0000000098600000| Untracked 
| 391|0x0000000098700000, 0x0000000098700000, 0x0000000098800000|  0%| F|  |TAMS 0x0000000098700000| PB 0x0000000098700000| Untracked 
| 392|0x0000000098800000, 0x0000000098800000, 0x0000000098900000|  0%| F|  |TAMS 0x0000000098800000| PB 0x0000000098800000| Untracked 
| 393|0x0000000098900000, 0x0000000098a00000, 0x0000000098a00000|100%| O|Cm|TAMS 0x0000000098900000| PB 0x0000000098900000| Complete 
| 394|0x0000000098a00000, 0x0000000098b00000, 0x0000000098b00000|100%| O|  |TAMS 0x0000000098a00000| PB 0x0000000098a00000| Untracked 
| 395|0x0000000098b00000, 0x0000000098b00000, 0x0000000098c00000|  0%| F|  |TAMS 0x0000000098b00000| PB 0x0000000098b00000| Untracked 
| 396|0x0000000098c00000, 0x0000000098d00000, 0x0000000098d00000|100%| O|  |TAMS 0x0000000098c00000| PB 0x0000000098c00000| Untracked 
| 397|0x0000000098d00000, 0x0000000098e00000, 0x0000000098e00000|100%| O|  |TAMS 0x0000000098d00000| PB 0x0000000098d00000| Untracked 
| 398|0x0000000098e00000, 0x0000000098f00000, 0x0000000098f00000|100%| O|  |TAMS 0x0000000098e00000| PB 0x0000000098e00000| Untracked 
| 399|0x0000000098f00000, 0x0000000098f00000, 0x0000000099000000|  0%| F|  |TAMS 0x0000000098f00000| PB 0x0000000098f00000| Untracked 
| 400|0x0000000099000000, 0x0000000099000000, 0x0000000099100000|  0%| F|  |TAMS 0x0000000099000000| PB 0x0000000099000000| Untracked 
| 401|0x0000000099100000, 0x0000000099200000, 0x0000000099200000|100%| O|  |TAMS 0x0000000099100000| PB 0x0000000099100000| Untracked 
| 402|0x0000000099200000, 0x0000000099200000, 0x0000000099300000|  0%| F|  |TAMS 0x0000000099200000| PB 0x0000000099200000| Untracked 
| 403|0x0000000099300000, 0x0000000099300000, 0x0000000099400000|  0%| F|  |TAMS 0x0000000099300000| PB 0x0000000099300000| Untracked 
| 404|0x0000000099400000, 0x0000000099400000, 0x0000000099500000|  0%| F|  |TAMS 0x0000000099400000| PB 0x0000000099400000| Untracked 
| 405|0x0000000099500000, 0x0000000099500000, 0x0000000099600000|  0%| F|  |TAMS 0x0000000099500000| PB 0x0000000099500000| Untracked 
| 406|0x0000000099600000, 0x0000000099700000, 0x0000000099700000|100%| O|Cm|TAMS 0x0000000099600000| PB 0x0000000099600000| Complete 
| 407|0x0000000099700000, 0x0000000099700000, 0x0000000099800000|  0%| F|  |TAMS 0x0000000099700000| PB 0x0000000099700000| Untracked 
| 408|0x0000000099800000, 0x0000000099800000, 0x0000000099900000|  0%| F|  |TAMS 0x0000000099800000| PB 0x0000000099800000| Untracked 
| 409|0x0000000099900000, 0x0000000099a00000, 0x0000000099a00000|100%| O|  |TAMS 0x0000000099900000| PB 0x0000000099900000| Untracked 
| 410|0x0000000099a00000, 0x0000000099b00000, 0x0000000099b00000|100%| O|  |TAMS 0x0000000099a00000| PB 0x0000000099a00000| Untracked 
| 411|0x0000000099b00000, 0x0000000099c00000, 0x0000000099c00000|100%| O|Cm|TAMS 0x0000000099b00000| PB 0x0000000099b00000| Complete 
| 412|0x0000000099c00000, 0x0000000099d00000, 0x0000000099d00000|100%| O|  |TAMS 0x0000000099c00000| PB 0x0000000099c00000| Untracked 
| 413|0x0000000099d00000, 0x0000000099e00000, 0x0000000099e00000|100%| O|  |TAMS 0x0000000099d00000| PB 0x0000000099d00000| Untracked 
| 414|0x0000000099e00000, 0x0000000099f00000, 0x0000000099f00000|100%| O|  |TAMS 0x0000000099e00000| PB 0x0000000099e00000| Untracked 
| 415|0x0000000099f00000, 0x0000000099f00000, 0x000000009a000000|  0%| F|  |TAMS 0x0000000099f00000| PB 0x0000000099f00000| Untracked 
| 416|0x000000009a000000, 0x000000009a000000, 0x000000009a100000|  0%| F|  |TAMS 0x000000009a000000| PB 0x000000009a000000| Untracked 
| 417|0x000000009a100000, 0x000000009a100000, 0x000000009a200000|  0%| F|  |TAMS 0x000000009a100000| PB 0x000000009a100000| Untracked 
| 418|0x000000009a200000, 0x000000009a200000, 0x000000009a300000|  0%| F|  |TAMS 0x000000009a200000| PB 0x000000009a200000| Untracked 
| 419|0x000000009a300000, 0x000000009a300000, 0x000000009a400000|  0%| F|  |TAMS 0x000000009a300000| PB 0x000000009a300000| Untracked 
| 420|0x000000009a400000, 0x000000009a400000, 0x000000009a500000|  0%| F|  |TAMS 0x000000009a400000| PB 0x000000009a400000| Untracked 
| 421|0x000000009a500000, 0x000000009a500000, 0x000000009a600000|  0%| F|  |TAMS 0x000000009a500000| PB 0x000000009a500000| Untracked 
| 422|0x000000009a600000, 0x000000009a600000, 0x000000009a700000|  0%| F|  |TAMS 0x000000009a600000| PB 0x000000009a600000| Untracked 
| 423|0x000000009a700000, 0x000000009a800000, 0x000000009a800000|100%| O|  |TAMS 0x000000009a700000| PB 0x000000009a700000| Untracked 
| 424|0x000000009a800000, 0x000000009a800000, 0x000000009a900000|  0%| F|  |TAMS 0x000000009a800000| PB 0x000000009a800000| Untracked 
| 425|0x000000009a900000, 0x000000009aa00000, 0x000000009aa00000|100%| O|Cm|TAMS 0x000000009a900000| PB 0x000000009a900000| Complete 
| 426|0x000000009aa00000, 0x000000009ab00000, 0x000000009ab00000|100%| O|Cm|TAMS 0x000000009aa00000| PB 0x000000009aa00000| Complete 
| 427|0x000000009ab00000, 0x000000009ac00000, 0x000000009ac00000|100%| O|Cm|TAMS 0x000000009ab00000| PB 0x000000009ab00000| Complete 
| 428|0x000000009ac00000, 0x000000009ad00000, 0x000000009ad00000|100%| O|  |TAMS 0x000000009ac00000| PB 0x000000009ac00000| Untracked 
| 429|0x000000009ad00000, 0x000000009ad00000, 0x000000009ae00000|  0%| F|  |TAMS 0x000000009ad00000| PB 0x000000009ad00000| Untracked 
| 430|0x000000009ae00000, 0x000000009ae00000, 0x000000009af00000|  0%| F|  |TAMS 0x000000009ae00000| PB 0x000000009ae00000| Untracked 
| 431|0x000000009af00000, 0x000000009af00000, 0x000000009b000000|  0%| F|  |TAMS 0x000000009af00000| PB 0x000000009af00000| Untracked 
| 432|0x000000009b000000, 0x000000009b100000, 0x000000009b100000|100%| O|Cm|TAMS 0x000000009b000000| PB 0x000000009b000000| Complete 
| 433|0x000000009b100000, 0x000000009b100000, 0x000000009b200000|  0%| F|  |TAMS 0x000000009b100000| PB 0x000000009b100000| Untracked 
| 434|0x000000009b200000, 0x000000009b200000, 0x000000009b300000|  0%| F|  |TAMS 0x000000009b200000| PB 0x000000009b200000| Untracked 
| 435|0x000000009b300000, 0x000000009b300000, 0x000000009b400000|  0%| F|  |TAMS 0x000000009b300000| PB 0x000000009b300000| Untracked 
| 436|0x000000009b400000, 0x000000009b400000, 0x000000009b500000|  0%| F|  |TAMS 0x000000009b400000| PB 0x000000009b400000| Untracked 
| 437|0x000000009b500000, 0x000000009b500000, 0x000000009b600000|  0%| F|  |TAMS 0x000000009b500000| PB 0x000000009b500000| Untracked 
| 438|0x000000009b600000, 0x000000009b600000, 0x000000009b700000|  0%| F|  |TAMS 0x000000009b600000| PB 0x000000009b600000| Untracked 
| 439|0x000000009b700000, 0x000000009b700000, 0x000000009b800000|  0%| F|  |TAMS 0x000000009b700000| PB 0x000000009b700000| Untracked 
| 440|0x000000009b800000, 0x000000009b800000, 0x000000009b900000|  0%| F|  |TAMS 0x000000009b800000| PB 0x000000009b800000| Untracked 
| 441|0x000000009b900000, 0x000000009b900000, 0x000000009ba00000|  0%| F|  |TAMS 0x000000009b900000| PB 0x000000009b900000| Untracked 
| 442|0x000000009ba00000, 0x000000009ba00000, 0x000000009bb00000|  0%| F|  |TAMS 0x000000009ba00000| PB 0x000000009ba00000| Untracked 
| 443|0x000000009bb00000, 0x000000009bc00000, 0x000000009bc00000|100%| O|  |TAMS 0x000000009bb00000| PB 0x000000009bb00000| Untracked 
| 444|0x000000009bc00000, 0x000000009bd00000, 0x000000009bd00000|100%| O|  |TAMS 0x000000009bc00000| PB 0x000000009bc00000| Untracked 
| 445|0x000000009bd00000, 0x000000009be00000, 0x000000009be00000|100%| O|  |TAMS 0x000000009bd00000| PB 0x000000009bd00000| Untracked 
| 446|0x000000009be00000, 0x000000009bf00000, 0x000000009bf00000|100%| O|  |TAMS 0x000000009be00000| PB 0x000000009be00000| Untracked 
| 447|0x000000009bf00000, 0x000000009c000000, 0x000000009c000000|100%| O|Cm|TAMS 0x000000009bf00000| PB 0x000000009bf00000| Complete 
| 448|0x000000009c000000, 0x000000009c000000, 0x000000009c100000|  0%| F|  |TAMS 0x000000009c000000| PB 0x000000009c000000| Untracked 
| 449|0x000000009c100000, 0x000000009c100000, 0x000000009c200000|  0%| F|  |TAMS 0x000000009c100000| PB 0x000000009c100000| Untracked 
| 450|0x000000009c200000, 0x000000009c300000, 0x000000009c300000|100%| O|  |TAMS 0x000000009c200000| PB 0x000000009c200000| Untracked 
| 451|0x000000009c300000, 0x000000009c400000, 0x000000009c400000|100%| O|  |TAMS 0x000000009c300000| PB 0x000000009c300000| Untracked 
| 452|0x000000009c400000, 0x000000009c400000, 0x000000009c500000|  0%| F|  |TAMS 0x000000009c400000| PB 0x000000009c400000| Untracked 
| 453|0x000000009c500000, 0x000000009c500000, 0x000000009c600000|  0%| F|  |TAMS 0x000000009c500000| PB 0x000000009c500000| Untracked 
| 454|0x000000009c600000, 0x000000009c600000, 0x000000009c700000|  0%| F|  |TAMS 0x000000009c600000| PB 0x000000009c600000| Untracked 
| 455|0x000000009c700000, 0x000000009c700000, 0x000000009c800000|  0%| F|  |TAMS 0x000000009c700000| PB 0x000000009c700000| Untracked 
| 456|0x000000009c800000, 0x000000009c800000, 0x000000009c900000|  0%| F|  |TAMS 0x000000009c800000| PB 0x000000009c800000| Untracked 
| 457|0x000000009c900000, 0x000000009c900000, 0x000000009ca00000|  0%| F|  |TAMS 0x000000009c900000| PB 0x000000009c900000| Untracked 
| 458|0x000000009ca00000, 0x000000009ca00000, 0x000000009cb00000|  0%| F|  |TAMS 0x000000009ca00000| PB 0x000000009ca00000| Untracked 
| 459|0x000000009cb00000, 0x000000009cb00000, 0x000000009cc00000|  0%| F|  |TAMS 0x000000009cb00000| PB 0x000000009cb00000| Untracked 
| 460|0x000000009cc00000, 0x000000009cc00000, 0x000000009cd00000|  0%| F|  |TAMS 0x000000009cc00000| PB 0x000000009cc00000| Untracked 
| 461|0x000000009cd00000, 0x000000009cd00000, 0x000000009ce00000|  0%| F|  |TAMS 0x000000009cd00000| PB 0x000000009cd00000| Untracked 
| 462|0x000000009ce00000, 0x000000009ce00000, 0x000000009cf00000|  0%| F|  |TAMS 0x000000009ce00000| PB 0x000000009ce00000| Untracked 
| 463|0x000000009cf00000, 0x000000009cf00000, 0x000000009d000000|  0%| F|  |TAMS 0x000000009cf00000| PB 0x000000009cf00000| Untracked 
| 464|0x000000009d000000, 0x000000009d000000, 0x000000009d100000|  0%| F|  |TAMS 0x000000009d000000| PB 0x000000009d000000| Untracked 
| 465|0x000000009d100000, 0x000000009d100000, 0x000000009d200000|  0%| F|  |TAMS 0x000000009d100000| PB 0x000000009d100000| Untracked 
| 466|0x000000009d200000, 0x000000009d200000, 0x000000009d300000|  0%| F|  |TAMS 0x000000009d200000| PB 0x000000009d200000| Untracked 
| 467|0x000000009d300000, 0x000000009d300000, 0x000000009d400000|  0%| F|  |TAMS 0x000000009d300000| PB 0x000000009d300000| Untracked 
| 468|0x000000009d400000, 0x000000009d400000, 0x000000009d500000|  0%| F|  |TAMS 0x000000009d400000| PB 0x000000009d400000| Untracked 
| 469|0x000000009d500000, 0x000000009d500000, 0x000000009d600000|  0%| F|  |TAMS 0x000000009d500000| PB 0x000000009d500000| Untracked 
| 470|0x000000009d600000, 0x000000009d600000, 0x000000009d700000|  0%| F|  |TAMS 0x000000009d600000| PB 0x000000009d600000| Untracked 
| 471|0x000000009d700000, 0x000000009d700000, 0x000000009d800000|  0%| F|  |TAMS 0x000000009d700000| PB 0x000000009d700000| Untracked 
| 472|0x000000009d800000, 0x000000009d800000, 0x000000009d900000|  0%| F|  |TAMS 0x000000009d800000| PB 0x000000009d800000| Untracked 
| 473|0x000000009d900000, 0x000000009d900000, 0x000000009da00000|  0%| F|  |TAMS 0x000000009d900000| PB 0x000000009d900000| Untracked 
| 474|0x000000009da00000, 0x000000009da00000, 0x000000009db00000|  0%| F|  |TAMS 0x000000009da00000| PB 0x000000009da00000| Untracked 
| 475|0x000000009db00000, 0x000000009db00000, 0x000000009dc00000|  0%| F|  |TAMS 0x000000009db00000| PB 0x000000009db00000| Untracked 
| 476|0x000000009dc00000, 0x000000009dc00000, 0x000000009dd00000|  0%| F|  |TAMS 0x000000009dc00000| PB 0x000000009dc00000| Untracked 
| 477|0x000000009dd00000, 0x000000009dd00000, 0x000000009de00000|  0%| F|  |TAMS 0x000000009dd00000| PB 0x000000009dd00000| Untracked 
| 478|0x000000009de00000, 0x000000009de00000, 0x000000009df00000|  0%| F|  |TAMS 0x000000009de00000| PB 0x000000009de00000| Untracked 
| 479|0x000000009df00000, 0x000000009df00000, 0x000000009e000000|  0%| F|  |TAMS 0x000000009df00000| PB 0x000000009df00000| Untracked 
| 480|0x000000009e000000, 0x000000009e000000, 0x000000009e100000|  0%| F|  |TAMS 0x000000009e000000| PB 0x000000009e000000| Untracked 
| 481|0x000000009e100000, 0x000000009e100000, 0x000000009e200000|  0%| F|  |TAMS 0x000000009e100000| PB 0x000000009e100000| Untracked 
| 482|0x000000009e200000, 0x000000009e200000, 0x000000009e300000|  0%| F|  |TAMS 0x000000009e200000| PB 0x000000009e200000| Untracked 
| 483|0x000000009e300000, 0x000000009e300000, 0x000000009e400000|  0%| F|  |TAMS 0x000000009e300000| PB 0x000000009e300000| Untracked 
| 484|0x000000009e400000, 0x000000009e400000, 0x000000009e500000|  0%| F|  |TAMS 0x000000009e400000| PB 0x000000009e400000| Untracked 
| 485|0x000000009e500000, 0x000000009e500000, 0x000000009e600000|  0%| F|  |TAMS 0x000000009e500000| PB 0x000000009e500000| Untracked 
| 486|0x000000009e600000, 0x000000009e600000, 0x000000009e700000|  0%| F|  |TAMS 0x000000009e600000| PB 0x000000009e600000| Untracked 
| 487|0x000000009e700000, 0x000000009e700000, 0x000000009e800000|  0%| F|  |TAMS 0x000000009e700000| PB 0x000000009e700000| Untracked 
| 488|0x000000009e800000, 0x000000009e800000, 0x000000009e900000|  0%| F|  |TAMS 0x000000009e800000| PB 0x000000009e800000| Untracked 
| 489|0x000000009e900000, 0x000000009e900000, 0x000000009ea00000|  0%| F|  |TAMS 0x000000009e900000| PB 0x000000009e900000| Untracked 
| 490|0x000000009ea00000, 0x000000009ea00000, 0x000000009eb00000|  0%| F|  |TAMS 0x000000009ea00000| PB 0x000000009ea00000| Untracked 
| 491|0x000000009eb00000, 0x000000009eb00000, 0x000000009ec00000|  0%| F|  |TAMS 0x000000009eb00000| PB 0x000000009eb00000| Untracked 
| 492|0x000000009ec00000, 0x000000009ec00000, 0x000000009ed00000|  0%| F|  |TAMS 0x000000009ec00000| PB 0x000000009ec00000| Untracked 
| 493|0x000000009ed00000, 0x000000009ed00000, 0x000000009ee00000|  0%| F|  |TAMS 0x000000009ed00000| PB 0x000000009ed00000| Untracked 
| 494|0x000000009ee00000, 0x000000009ee00000, 0x000000009ef00000|  0%| F|  |TAMS 0x000000009ee00000| PB 0x000000009ee00000| Untracked 
| 495|0x000000009ef00000, 0x000000009ef00000, 0x000000009f000000|  0%| F|  |TAMS 0x000000009ef00000| PB 0x000000009ef00000| Untracked 
| 496|0x000000009f000000, 0x000000009f000000, 0x000000009f100000|  0%| F|  |TAMS 0x000000009f000000| PB 0x000000009f000000| Untracked 
| 497|0x000000009f100000, 0x000000009f100000, 0x000000009f200000|  0%| F|  |TAMS 0x000000009f100000| PB 0x000000009f100000| Untracked 
| 498|0x000000009f200000, 0x000000009f200000, 0x000000009f300000|  0%| F|  |TAMS 0x000000009f200000| PB 0x000000009f200000| Untracked 
| 499|0x000000009f300000, 0x000000009f300000, 0x000000009f400000|  0%| F|  |TAMS 0x000000009f300000| PB 0x000000009f300000| Untracked 
| 500|0x000000009f400000, 0x000000009f400000, 0x000000009f500000|  0%| F|  |TAMS 0x000000009f400000| PB 0x000000009f400000| Untracked 
| 501|0x000000009f500000, 0x000000009f500000, 0x000000009f600000|  0%| F|  |TAMS 0x000000009f500000| PB 0x000000009f500000| Untracked 
| 502|0x000000009f600000, 0x000000009f600000, 0x000000009f700000|  0%| F|  |TAMS 0x000000009f600000| PB 0x000000009f600000| Untracked 
| 503|0x000000009f700000, 0x000000009f700000, 0x000000009f800000|  0%| F|  |TAMS 0x000000009f700000| PB 0x000000009f700000| Untracked 
| 504|0x000000009f800000, 0x000000009f800000, 0x000000009f900000|  0%| F|  |TAMS 0x000000009f800000| PB 0x000000009f800000| Untracked 
| 505|0x000000009f900000, 0x000000009f900000, 0x000000009fa00000|  0%| F|  |TAMS 0x000000009f900000| PB 0x000000009f900000| Untracked 
| 506|0x000000009fa00000, 0x000000009fa00000, 0x000000009fb00000|  0%| F|  |TAMS 0x000000009fa00000| PB 0x000000009fa00000| Untracked 
| 507|0x000000009fb00000, 0x000000009fb00000, 0x000000009fc00000|  0%| F|  |TAMS 0x000000009fb00000| PB 0x000000009fb00000| Untracked 
| 508|0x000000009fc00000, 0x000000009fc00000, 0x000000009fd00000|  0%| F|  |TAMS 0x000000009fc00000| PB 0x000000009fc00000| Untracked 
| 509|0x000000009fd00000, 0x000000009fd00000, 0x000000009fe00000|  0%| F|  |TAMS 0x000000009fd00000| PB 0x000000009fd00000| Untracked 
| 510|0x000000009fe00000, 0x000000009fe00000, 0x000000009ff00000|  0%| F|  |TAMS 0x000000009fe00000| PB 0x000000009fe00000| Untracked 
| 511|0x000000009ff00000, 0x000000009ff00000, 0x00000000a0000000|  0%| F|  |TAMS 0x000000009ff00000| PB 0x000000009ff00000| Untracked 
| 512|0x00000000a0000000, 0x00000000a0000000, 0x00000000a0100000|  0%| F|  |TAMS 0x00000000a0000000| PB 0x00000000a0000000| Untracked 
| 513|0x00000000a0100000, 0x00000000a0100000, 0x00000000a0200000|  0%| F|  |TAMS 0x00000000a0100000| PB 0x00000000a0100000| Untracked 
| 514|0x00000000a0200000, 0x00000000a0200000, 0x00000000a0300000|  0%| F|  |TAMS 0x00000000a0200000| PB 0x00000000a0200000| Untracked 
| 515|0x00000000a0300000, 0x00000000a0300000, 0x00000000a0400000|  0%| F|  |TAMS 0x00000000a0300000| PB 0x00000000a0300000| Untracked 
| 516|0x00000000a0400000, 0x00000000a0400000, 0x00000000a0500000|  0%| F|  |TAMS 0x00000000a0400000| PB 0x00000000a0400000| Untracked 
| 517|0x00000000a0500000, 0x00000000a0500000, 0x00000000a0600000|  0%| F|  |TAMS 0x00000000a0500000| PB 0x00000000a0500000| Untracked 
| 518|0x00000000a0600000, 0x00000000a0600000, 0x00000000a0700000|  0%| F|  |TAMS 0x00000000a0600000| PB 0x00000000a0600000| Untracked 
| 519|0x00000000a0700000, 0x00000000a0700000, 0x00000000a0800000|  0%| F|  |TAMS 0x00000000a0700000| PB 0x00000000a0700000| Untracked 
| 520|0x00000000a0800000, 0x00000000a0800000, 0x00000000a0900000|  0%| F|  |TAMS 0x00000000a0800000| PB 0x00000000a0800000| Untracked 
| 521|0x00000000a0900000, 0x00000000a0900000, 0x00000000a0a00000|  0%| F|  |TAMS 0x00000000a0900000| PB 0x00000000a0900000| Untracked 
| 522|0x00000000a0a00000, 0x00000000a0a00000, 0x00000000a0b00000|  0%| F|  |TAMS 0x00000000a0a00000| PB 0x00000000a0a00000| Untracked 
| 523|0x00000000a0b00000, 0x00000000a0b00000, 0x00000000a0c00000|  0%| F|  |TAMS 0x00000000a0b00000| PB 0x00000000a0b00000| Untracked 
| 524|0x00000000a0c00000, 0x00000000a0c00000, 0x00000000a0d00000|  0%| F|  |TAMS 0x00000000a0c00000| PB 0x00000000a0c00000| Untracked 
| 525|0x00000000a0d00000, 0x00000000a0d00000, 0x00000000a0e00000|  0%| F|  |TAMS 0x00000000a0d00000| PB 0x00000000a0d00000| Untracked 
| 526|0x00000000a0e00000, 0x00000000a0e00000, 0x00000000a0f00000|  0%| F|  |TAMS 0x00000000a0e00000| PB 0x00000000a0e00000| Untracked 
| 527|0x00000000a0f00000, 0x00000000a0f00000, 0x00000000a1000000|  0%| F|  |TAMS 0x00000000a0f00000| PB 0x00000000a0f00000| Untracked 
| 528|0x00000000a1000000, 0x00000000a1000000, 0x00000000a1100000|  0%| F|  |TAMS 0x00000000a1000000| PB 0x00000000a1000000| Untracked 
| 529|0x00000000a1100000, 0x00000000a1100000, 0x00000000a1200000|  0%| F|  |TAMS 0x00000000a1100000| PB 0x00000000a1100000| Untracked 
| 530|0x00000000a1200000, 0x00000000a1200000, 0x00000000a1300000|  0%| F|  |TAMS 0x00000000a1200000| PB 0x00000000a1200000| Untracked 
| 531|0x00000000a1300000, 0x00000000a1300000, 0x00000000a1400000|  0%| F|  |TAMS 0x00000000a1300000| PB 0x00000000a1300000| Untracked 
| 532|0x00000000a1400000, 0x00000000a1400000, 0x00000000a1500000|  0%| F|  |TAMS 0x00000000a1400000| PB 0x00000000a1400000| Untracked 
| 533|0x00000000a1500000, 0x00000000a1500000, 0x00000000a1600000|  0%| F|  |TAMS 0x00000000a1500000| PB 0x00000000a1500000| Untracked 
| 534|0x00000000a1600000, 0x00000000a1600000, 0x00000000a1700000|  0%| F|  |TAMS 0x00000000a1600000| PB 0x00000000a1600000| Untracked 
| 535|0x00000000a1700000, 0x00000000a1700000, 0x00000000a1800000|  0%| F|  |TAMS 0x00000000a1700000| PB 0x00000000a1700000| Untracked 
| 536|0x00000000a1800000, 0x00000000a1800000, 0x00000000a1900000|  0%| F|  |TAMS 0x00000000a1800000| PB 0x00000000a1800000| Untracked 
| 537|0x00000000a1900000, 0x00000000a1900000, 0x00000000a1a00000|  0%| F|  |TAMS 0x00000000a1900000| PB 0x00000000a1900000| Untracked 
| 538|0x00000000a1a00000, 0x00000000a1a00000, 0x00000000a1b00000|  0%| F|  |TAMS 0x00000000a1a00000| PB 0x00000000a1a00000| Untracked 
| 539|0x00000000a1b00000, 0x00000000a1b00000, 0x00000000a1c00000|  0%| F|  |TAMS 0x00000000a1b00000| PB 0x00000000a1b00000| Untracked 
| 540|0x00000000a1c00000, 0x00000000a1c00000, 0x00000000a1d00000|  0%| F|  |TAMS 0x00000000a1c00000| PB 0x00000000a1c00000| Untracked 
| 541|0x00000000a1d00000, 0x00000000a1d00000, 0x00000000a1e00000|  0%| F|  |TAMS 0x00000000a1d00000| PB 0x00000000a1d00000| Untracked 
| 542|0x00000000a1e00000, 0x00000000a1e00000, 0x00000000a1f00000|  0%| F|  |TAMS 0x00000000a1e00000| PB 0x00000000a1e00000| Untracked 
| 543|0x00000000a1f00000, 0x00000000a1f00000, 0x00000000a2000000|  0%| F|  |TAMS 0x00000000a1f00000| PB 0x00000000a1f00000| Untracked 
| 544|0x00000000a2000000, 0x00000000a2000000, 0x00000000a2100000|  0%| F|  |TAMS 0x00000000a2000000| PB 0x00000000a2000000| Untracked 
| 545|0x00000000a2100000, 0x00000000a2100000, 0x00000000a2200000|  0%| F|  |TAMS 0x00000000a2100000| PB 0x00000000a2100000| Untracked 
| 546|0x00000000a2200000, 0x00000000a2200000, 0x00000000a2300000|  0%| F|  |TAMS 0x00000000a2200000| PB 0x00000000a2200000| Untracked 
| 547|0x00000000a2300000, 0x00000000a2300000, 0x00000000a2400000|  0%| F|  |TAMS 0x00000000a2300000| PB 0x00000000a2300000| Untracked 
| 548|0x00000000a2400000, 0x00000000a2400000, 0x00000000a2500000|  0%| F|  |TAMS 0x00000000a2400000| PB 0x00000000a2400000| Untracked 
| 549|0x00000000a2500000, 0x00000000a2500000, 0x00000000a2600000|  0%| F|  |TAMS 0x00000000a2500000| PB 0x00000000a2500000| Untracked 
| 550|0x00000000a2600000, 0x00000000a2600000, 0x00000000a2700000|  0%| F|  |TAMS 0x00000000a2600000| PB 0x00000000a2600000| Untracked 
| 551|0x00000000a2700000, 0x00000000a2700000, 0x00000000a2800000|  0%| F|  |TAMS 0x00000000a2700000| PB 0x00000000a2700000| Untracked 
| 552|0x00000000a2800000, 0x00000000a2800000, 0x00000000a2900000|  0%| F|  |TAMS 0x00000000a2800000| PB 0x00000000a2800000| Untracked 
| 553|0x00000000a2900000, 0x00000000a2900000, 0x00000000a2a00000|  0%| F|  |TAMS 0x00000000a2900000| PB 0x00000000a2900000| Untracked 
| 554|0x00000000a2a00000, 0x00000000a2a00000, 0x00000000a2b00000|  0%| F|  |TAMS 0x00000000a2a00000| PB 0x00000000a2a00000| Untracked 
| 555|0x00000000a2b00000, 0x00000000a2b00000, 0x00000000a2c00000|  0%| F|  |TAMS 0x00000000a2b00000| PB 0x00000000a2b00000| Untracked 
| 556|0x00000000a2c00000, 0x00000000a2c00000, 0x00000000a2d00000|  0%| F|  |TAMS 0x00000000a2c00000| PB 0x00000000a2c00000| Untracked 
| 557|0x00000000a2d00000, 0x00000000a2d00000, 0x00000000a2e00000|  0%| F|  |TAMS 0x00000000a2d00000| PB 0x00000000a2d00000| Untracked 
| 558|0x00000000a2e00000, 0x00000000a2e00000, 0x00000000a2f00000|  0%| F|  |TAMS 0x00000000a2e00000| PB 0x00000000a2e00000| Untracked 
| 559|0x00000000a2f00000, 0x00000000a2f00000, 0x00000000a3000000|  0%| F|  |TAMS 0x00000000a2f00000| PB 0x00000000a2f00000| Untracked 
| 560|0x00000000a3000000, 0x00000000a3000000, 0x00000000a3100000|  0%| F|  |TAMS 0x00000000a3000000| PB 0x00000000a3000000| Untracked 
| 561|0x00000000a3100000, 0x00000000a3100000, 0x00000000a3200000|  0%| F|  |TAMS 0x00000000a3100000| PB 0x00000000a3100000| Untracked 
| 562|0x00000000a3200000, 0x00000000a3200000, 0x00000000a3300000|  0%| F|  |TAMS 0x00000000a3200000| PB 0x00000000a3200000| Untracked 
| 563|0x00000000a3300000, 0x00000000a3300000, 0x00000000a3400000|  0%| F|  |TAMS 0x00000000a3300000| PB 0x00000000a3300000| Untracked 
| 564|0x00000000a3400000, 0x00000000a3400000, 0x00000000a3500000|  0%| F|  |TAMS 0x00000000a3400000| PB 0x00000000a3400000| Untracked 
| 565|0x00000000a3500000, 0x00000000a3500000, 0x00000000a3600000|  0%| F|  |TAMS 0x00000000a3500000| PB 0x00000000a3500000| Untracked 
| 566|0x00000000a3600000, 0x00000000a3600000, 0x00000000a3700000|  0%| F|  |TAMS 0x00000000a3600000| PB 0x00000000a3600000| Untracked 
| 567|0x00000000a3700000, 0x00000000a3700000, 0x00000000a3800000|  0%| F|  |TAMS 0x00000000a3700000| PB 0x00000000a3700000| Untracked 
| 568|0x00000000a3800000, 0x00000000a3800000, 0x00000000a3900000|  0%| F|  |TAMS 0x00000000a3800000| PB 0x00000000a3800000| Untracked 
| 569|0x00000000a3900000, 0x00000000a3900000, 0x00000000a3a00000|  0%| F|  |TAMS 0x00000000a3900000| PB 0x00000000a3900000| Untracked 
| 570|0x00000000a3a00000, 0x00000000a3a00000, 0x00000000a3b00000|  0%| F|  |TAMS 0x00000000a3a00000| PB 0x00000000a3a00000| Untracked 
| 571|0x00000000a3b00000, 0x00000000a3b00000, 0x00000000a3c00000|  0%| F|  |TAMS 0x00000000a3b00000| PB 0x00000000a3b00000| Untracked 
| 572|0x00000000a3c00000, 0x00000000a3c00000, 0x00000000a3d00000|  0%| F|  |TAMS 0x00000000a3c00000| PB 0x00000000a3c00000| Untracked 
| 573|0x00000000a3d00000, 0x00000000a3d00000, 0x00000000a3e00000|  0%| F|  |TAMS 0x00000000a3d00000| PB 0x00000000a3d00000| Untracked 
| 574|0x00000000a3e00000, 0x00000000a3e00000, 0x00000000a3f00000|  0%| F|  |TAMS 0x00000000a3e00000| PB 0x00000000a3e00000| Untracked 
| 575|0x00000000a3f00000, 0x00000000a3f00000, 0x00000000a4000000|  0%| F|  |TAMS 0x00000000a3f00000| PB 0x00000000a3f00000| Untracked 
| 576|0x00000000a4000000, 0x00000000a4000000, 0x00000000a4100000|  0%| F|  |TAMS 0x00000000a4000000| PB 0x00000000a4000000| Untracked 
| 577|0x00000000a4100000, 0x00000000a4100000, 0x00000000a4200000|  0%| F|  |TAMS 0x00000000a4100000| PB 0x00000000a4100000| Untracked 
| 578|0x00000000a4200000, 0x00000000a4200000, 0x00000000a4300000|  0%| F|  |TAMS 0x00000000a4200000| PB 0x00000000a4200000| Untracked 
| 579|0x00000000a4300000, 0x00000000a4300000, 0x00000000a4400000|  0%| F|  |TAMS 0x00000000a4300000| PB 0x00000000a4300000| Untracked 
| 580|0x00000000a4400000, 0x00000000a4400000, 0x00000000a4500000|  0%| F|  |TAMS 0x00000000a4400000| PB 0x00000000a4400000| Untracked 
| 581|0x00000000a4500000, 0x00000000a4500000, 0x00000000a4600000|  0%| F|  |TAMS 0x00000000a4500000| PB 0x00000000a4500000| Untracked 
| 582|0x00000000a4600000, 0x00000000a4600000, 0x00000000a4700000|  0%| F|  |TAMS 0x00000000a4600000| PB 0x00000000a4600000| Untracked 
| 583|0x00000000a4700000, 0x00000000a4700000, 0x00000000a4800000|  0%| F|  |TAMS 0x00000000a4700000| PB 0x00000000a4700000| Untracked 
| 584|0x00000000a4800000, 0x00000000a4800000, 0x00000000a4900000|  0%| F|  |TAMS 0x00000000a4800000| PB 0x00000000a4800000| Untracked 
| 585|0x00000000a4900000, 0x00000000a4900000, 0x00000000a4a00000|  0%| F|  |TAMS 0x00000000a4900000| PB 0x00000000a4900000| Untracked 
| 586|0x00000000a4a00000, 0x00000000a4a00000, 0x00000000a4b00000|  0%| F|  |TAMS 0x00000000a4a00000| PB 0x00000000a4a00000| Untracked 
| 587|0x00000000a4b00000, 0x00000000a4b00000, 0x00000000a4c00000|  0%| F|  |TAMS 0x00000000a4b00000| PB 0x00000000a4b00000| Untracked 
| 588|0x00000000a4c00000, 0x00000000a4c00000, 0x00000000a4d00000|  0%| F|  |TAMS 0x00000000a4c00000| PB 0x00000000a4c00000| Untracked 
| 589|0x00000000a4d00000, 0x00000000a4d00000, 0x00000000a4e00000|  0%| F|  |TAMS 0x00000000a4d00000| PB 0x00000000a4d00000| Untracked 
| 590|0x00000000a4e00000, 0x00000000a4e00000, 0x00000000a4f00000|  0%| F|  |TAMS 0x00000000a4e00000| PB 0x00000000a4e00000| Untracked 
| 591|0x00000000a4f00000, 0x00000000a4f80000, 0x00000000a5000000| 50%| E|  |TAMS 0x00000000a4f00000| PB 0x00000000a4f00000| Complete 
| 592|0x00000000a5000000, 0x00000000a5100000, 0x00000000a5100000|100%| E|CS|TAMS 0x00000000a5000000| PB 0x00000000a5000000| Complete 
| 593|0x00000000a5100000, 0x00000000a51cc3c0, 0x00000000a5200000| 79%| S|CS|TAMS 0x00000000a5100000| PB 0x00000000a5100000| Complete 
| 594|0x00000000a5200000, 0x00000000a5300000, 0x00000000a5300000|100%| S|CS|TAMS 0x00000000a5200000| PB 0x00000000a5200000| Complete 
| 595|0x00000000a5300000, 0x00000000a5400000, 0x00000000a5400000|100%| S|CS|TAMS 0x00000000a5300000| PB 0x00000000a5300000| Complete 
| 596|0x00000000a5400000, 0x00000000a5500000, 0x00000000a5500000|100%| S|CS|TAMS 0x00000000a5400000| PB 0x00000000a5400000| Complete 
| 597|0x00000000a5500000, 0x00000000a5600000, 0x00000000a5600000|100%| S|CS|TAMS 0x00000000a5500000| PB 0x00000000a5500000| Complete 
| 598|0x00000000a5600000, 0x00000000a5700000, 0x00000000a5700000|100%| S|CS|TAMS 0x00000000a5600000| PB 0x00000000a5600000| Complete 
| 599|0x00000000a5700000, 0x00000000a5800000, 0x00000000a5800000|100%| S|CS|TAMS 0x00000000a5700000| PB 0x00000000a5700000| Complete 
| 600|0x00000000a5800000, 0x00000000a5900000, 0x00000000a5900000|100%| S|CS|TAMS 0x00000000a5800000| PB 0x00000000a5800000| Complete 
| 601|0x00000000a5900000, 0x00000000a5a00000, 0x00000000a5a00000|100%| S|CS|TAMS 0x00000000a5900000| PB 0x00000000a5900000| Complete 
| 602|0x00000000a5a00000, 0x00000000a5b00000, 0x00000000a5b00000|100%| S|CS|TAMS 0x00000000a5a00000| PB 0x00000000a5a00000| Complete 
| 603|0x00000000a5b00000, 0x00000000a5c00000, 0x00000000a5c00000|100%| S|CS|TAMS 0x00000000a5b00000| PB 0x00000000a5b00000| Complete 
| 604|0x00000000a5c00000, 0x00000000a5d00000, 0x00000000a5d00000|100%| S|CS|TAMS 0x00000000a5c00000| PB 0x00000000a5c00000| Complete 
| 605|0x00000000a5d00000, 0x00000000a5e00000, 0x00000000a5e00000|100%| S|CS|TAMS 0x00000000a5d00000| PB 0x00000000a5d00000| Complete 
| 606|0x00000000a5e00000, 0x00000000a5f00000, 0x00000000a5f00000|100%| S|CS|TAMS 0x00000000a5e00000| PB 0x00000000a5e00000| Complete 
| 607|0x00000000a5f00000, 0x00000000a6000000, 0x00000000a6000000|100%| S|CS|TAMS 0x00000000a5f00000| PB 0x00000000a5f00000| Complete 
| 608|0x00000000a6000000, 0x00000000a6100000, 0x00000000a6100000|100%| S|CS|TAMS 0x00000000a6000000| PB 0x00000000a6000000| Complete 
| 609|0x00000000a6100000, 0x00000000a6200000, 0x00000000a6200000|100%| S|CS|TAMS 0x00000000a6100000| PB 0x00000000a6100000| Complete 
| 610|0x00000000a6200000, 0x00000000a6300000, 0x00000000a6300000|100%| S|CS|TAMS 0x00000000a6200000| PB 0x00000000a6200000| Complete 
| 611|0x00000000a6300000, 0x00000000a6400000, 0x00000000a6400000|100%| S|CS|TAMS 0x00000000a6300000| PB 0x00000000a6300000| Complete 
| 612|0x00000000a6400000, 0x00000000a6500000, 0x00000000a6500000|100%| S|CS|TAMS 0x00000000a6400000| PB 0x00000000a6400000| Complete 
| 613|0x00000000a6500000, 0x00000000a6600000, 0x00000000a6600000|100%| S|CS|TAMS 0x00000000a6500000| PB 0x00000000a6500000| Complete 
| 614|0x00000000a6600000, 0x00000000a6700000, 0x00000000a6700000|100%| S|CS|TAMS 0x00000000a6600000| PB 0x00000000a6600000| Complete 
| 615|0x00000000a6700000, 0x00000000a6800000, 0x00000000a6800000|100%| S|CS|TAMS 0x00000000a6700000| PB 0x00000000a6700000| Complete 
| 616|0x00000000a6800000, 0x00000000a6900000, 0x00000000a6900000|100%| S|CS|TAMS 0x00000000a6800000| PB 0x00000000a6800000| Complete 
| 617|0x00000000a6900000, 0x00000000a6a00000, 0x00000000a6a00000|100%| S|CS|TAMS 0x00000000a6900000| PB 0x00000000a6900000| Complete 
| 618|0x00000000a6a00000, 0x00000000a6b00000, 0x00000000a6b00000|100%| S|CS|TAMS 0x00000000a6a00000| PB 0x00000000a6a00000| Complete 
| 619|0x00000000a6b00000, 0x00000000a6c00000, 0x00000000a6c00000|100%| S|CS|TAMS 0x00000000a6b00000| PB 0x00000000a6b00000| Complete 
| 620|0x00000000a6c00000, 0x00000000a6d00000, 0x00000000a6d00000|100%| S|CS|TAMS 0x00000000a6c00000| PB 0x00000000a6c00000| Complete 
| 621|0x00000000a6d00000, 0x00000000a6e00000, 0x00000000a6e00000|100%| S|CS|TAMS 0x00000000a6d00000| PB 0x00000000a6d00000| Complete 
| 622|0x00000000a6e00000, 0x00000000a6f00000, 0x00000000a6f00000|100%| E|CS|TAMS 0x00000000a6e00000| PB 0x00000000a6e00000| Complete 
| 623|0x00000000a6f00000, 0x00000000a7000000, 0x00000000a7000000|100%| E|CS|TAMS 0x00000000a6f00000| PB 0x00000000a6f00000| Complete 
| 624|0x00000000a7000000, 0x00000000a7100000, 0x00000000a7100000|100%| E|CS|TAMS 0x00000000a7000000| PB 0x00000000a7000000| Complete 
| 625|0x00000000a7100000, 0x00000000a7200000, 0x00000000a7200000|100%| E|CS|TAMS 0x00000000a7100000| PB 0x00000000a7100000| Complete 
| 626|0x00000000a7200000, 0x00000000a7300000, 0x00000000a7300000|100%| E|CS|TAMS 0x00000000a7200000| PB 0x00000000a7200000| Complete 
| 627|0x00000000a7300000, 0x00000000a7400000, 0x00000000a7400000|100%| E|CS|TAMS 0x00000000a7300000| PB 0x00000000a7300000| Complete 
| 628|0x00000000a7400000, 0x00000000a7500000, 0x00000000a7500000|100%| E|CS|TAMS 0x00000000a7400000| PB 0x00000000a7400000| Complete 
| 629|0x00000000a7500000, 0x00000000a7600000, 0x00000000a7600000|100%| E|CS|TAMS 0x00000000a7500000| PB 0x00000000a7500000| Complete 
| 630|0x00000000a7600000, 0x00000000a7700000, 0x00000000a7700000|100%| E|CS|TAMS 0x00000000a7600000| PB 0x00000000a7600000| Complete 
| 631|0x00000000a7700000, 0x00000000a7800000, 0x00000000a7800000|100%| E|CS|TAMS 0x00000000a7700000| PB 0x00000000a7700000| Complete 
| 632|0x00000000a7800000, 0x00000000a7900000, 0x00000000a7900000|100%| E|CS|TAMS 0x00000000a7800000| PB 0x00000000a7800000| Complete 
| 633|0x00000000a7900000, 0x00000000a7a00000, 0x00000000a7a00000|100%| E|CS|TAMS 0x00000000a7900000| PB 0x00000000a7900000| Complete 
| 634|0x00000000a7a00000, 0x00000000a7b00000, 0x00000000a7b00000|100%| E|CS|TAMS 0x00000000a7a00000| PB 0x00000000a7a00000| Complete 
| 635|0x00000000a7b00000, 0x00000000a7c00000, 0x00000000a7c00000|100%| E|CS|TAMS 0x00000000a7b00000| PB 0x00000000a7b00000| Complete 
| 636|0x00000000a7c00000, 0x00000000a7d00000, 0x00000000a7d00000|100%| E|CS|TAMS 0x00000000a7c00000| PB 0x00000000a7c00000| Complete 
| 637|0x00000000a7d00000, 0x00000000a7e00000, 0x00000000a7e00000|100%| E|CS|TAMS 0x00000000a7d00000| PB 0x00000000a7d00000| Complete 
| 638|0x00000000a7e00000, 0x00000000a7f00000, 0x00000000a7f00000|100%| E|CS|TAMS 0x00000000a7e00000| PB 0x00000000a7e00000| Complete 
| 639|0x00000000a7f00000, 0x00000000a8000000, 0x00000000a8000000|100%| E|CS|TAMS 0x00000000a7f00000| PB 0x00000000a7f00000| Complete 
| 640|0x00000000a8000000, 0x00000000a8100000, 0x00000000a8100000|100%| E|CS|TAMS 0x00000000a8000000| PB 0x00000000a8000000| Complete 
| 641|0x00000000a8100000, 0x00000000a8200000, 0x00000000a8200000|100%| E|CS|TAMS 0x00000000a8100000| PB 0x00000000a8100000| Complete 
| 642|0x00000000a8200000, 0x00000000a8300000, 0x00000000a8300000|100%| E|CS|TAMS 0x00000000a8200000| PB 0x00000000a8200000| Complete 
| 643|0x00000000a8300000, 0x00000000a8400000, 0x00000000a8400000|100%| E|CS|TAMS 0x00000000a8300000| PB 0x00000000a8300000| Complete 
| 644|0x00000000a8400000, 0x00000000a8500000, 0x00000000a8500000|100%| E|CS|TAMS 0x00000000a8400000| PB 0x00000000a8400000| Complete 
| 645|0x00000000a8500000, 0x00000000a8600000, 0x00000000a8600000|100%| E|CS|TAMS 0x00000000a8500000| PB 0x00000000a8500000| Complete 
| 646|0x00000000a8600000, 0x00000000a8700000, 0x00000000a8700000|100%| E|CS|TAMS 0x00000000a8600000| PB 0x00000000a8600000| Complete 
| 647|0x00000000a8700000, 0x00000000a8800000, 0x00000000a8800000|100%| E|CS|TAMS 0x00000000a8700000| PB 0x00000000a8700000| Complete 
| 648|0x00000000a8800000, 0x00000000a8900000, 0x00000000a8900000|100%| E|CS|TAMS 0x00000000a8800000| PB 0x00000000a8800000| Complete 
| 649|0x00000000a8900000, 0x00000000a8a00000, 0x00000000a8a00000|100%| E|CS|TAMS 0x00000000a8900000| PB 0x00000000a8900000| Complete 
| 650|0x00000000a8a00000, 0x00000000a8b00000, 0x00000000a8b00000|100%| E|CS|TAMS 0x00000000a8a00000| PB 0x00000000a8a00000| Complete 
| 651|0x00000000a8b00000, 0x00000000a8c00000, 0x00000000a8c00000|100%| E|CS|TAMS 0x00000000a8b00000| PB 0x00000000a8b00000| Complete 
| 652|0x00000000a8c00000, 0x00000000a8d00000, 0x00000000a8d00000|100%| E|CS|TAMS 0x00000000a8c00000| PB 0x00000000a8c00000| Complete 
| 653|0x00000000a8d00000, 0x00000000a8e00000, 0x00000000a8e00000|100%| E|CS|TAMS 0x00000000a8d00000| PB 0x00000000a8d00000| Complete 
| 654|0x00000000a8e00000, 0x00000000a8f00000, 0x00000000a8f00000|100%| E|CS|TAMS 0x00000000a8e00000| PB 0x00000000a8e00000| Complete 
| 655|0x00000000a8f00000, 0x00000000a9000000, 0x00000000a9000000|100%| E|CS|TAMS 0x00000000a8f00000| PB 0x00000000a8f00000| Complete 
| 656|0x00000000a9000000, 0x00000000a9100000, 0x00000000a9100000|100%| E|CS|TAMS 0x00000000a9000000| PB 0x00000000a9000000| Complete 
| 657|0x00000000a9100000, 0x00000000a9200000, 0x00000000a9200000|100%| E|CS|TAMS 0x00000000a9100000| PB 0x00000000a9100000| Complete 
| 658|0x00000000a9200000, 0x00000000a9300000, 0x00000000a9300000|100%| E|CS|TAMS 0x00000000a9200000| PB 0x00000000a9200000| Complete 
| 659|0x00000000a9300000, 0x00000000a9400000, 0x00000000a9400000|100%| E|CS|TAMS 0x00000000a9300000| PB 0x00000000a9300000| Complete 
| 660|0x00000000a9400000, 0x00000000a9500000, 0x00000000a9500000|100%| E|  |TAMS 0x00000000a9400000| PB 0x00000000a9400000| Complete 
| 661|0x00000000a9500000, 0x00000000a9600000, 0x00000000a9600000|100%| E|CS|TAMS 0x00000000a9500000| PB 0x00000000a9500000| Complete 
| 662|0x00000000a9600000, 0x00000000a9700000, 0x00000000a9700000|100%| E|CS|TAMS 0x00000000a9600000| PB 0x00000000a9600000| Complete 
| 663|0x00000000a9700000, 0x00000000a9800000, 0x00000000a9800000|100%| E|CS|TAMS 0x00000000a9700000| PB 0x00000000a9700000| Complete 
| 664|0x00000000a9800000, 0x00000000a9900000, 0x00000000a9900000|100%| E|CS|TAMS 0x00000000a9800000| PB 0x00000000a9800000| Complete 
| 665|0x00000000a9900000, 0x00000000a9a00000, 0x00000000a9a00000|100%| E|CS|TAMS 0x00000000a9900000| PB 0x00000000a9900000| Complete 
| 666|0x00000000a9a00000, 0x00000000a9b00000, 0x00000000a9b00000|100%| E|CS|TAMS 0x00000000a9a00000| PB 0x00000000a9a00000| Complete 
| 667|0x00000000a9b00000, 0x00000000a9c00000, 0x00000000a9c00000|100%| E|CS|TAMS 0x00000000a9b00000| PB 0x00000000a9b00000| Complete 
| 668|0x00000000a9c00000, 0x00000000a9d00000, 0x00000000a9d00000|100%| E|CS|TAMS 0x00000000a9c00000| PB 0x00000000a9c00000| Complete 
| 669|0x00000000a9d00000, 0x00000000a9e00000, 0x00000000a9e00000|100%| E|CS|TAMS 0x00000000a9d00000| PB 0x00000000a9d00000| Complete 
| 670|0x00000000a9e00000, 0x00000000a9f00000, 0x00000000a9f00000|100%| E|CS|TAMS 0x00000000a9e00000| PB 0x00000000a9e00000| Complete 
| 671|0x00000000a9f00000, 0x00000000aa000000, 0x00000000aa000000|100%| E|CS|TAMS 0x00000000a9f00000| PB 0x00000000a9f00000| Complete 
| 672|0x00000000aa000000, 0x00000000aa100000, 0x00000000aa100000|100%| E|CS|TAMS 0x00000000aa000000| PB 0x00000000aa000000| Complete 
| 673|0x00000000aa100000, 0x00000000aa200000, 0x00000000aa200000|100%| E|CS|TAMS 0x00000000aa100000| PB 0x00000000aa100000| Complete 
| 674|0x00000000aa200000, 0x00000000aa300000, 0x00000000aa300000|100%| E|CS|TAMS 0x00000000aa200000| PB 0x00000000aa200000| Complete 
| 675|0x00000000aa300000, 0x00000000aa400000, 0x00000000aa400000|100%| E|CS|TAMS 0x00000000aa300000| PB 0x00000000aa300000| Complete 
| 676|0x00000000aa400000, 0x00000000aa500000, 0x00000000aa500000|100%| E|CS|TAMS 0x00000000aa400000| PB 0x00000000aa400000| Complete 
| 677|0x00000000aa500000, 0x00000000aa600000, 0x00000000aa600000|100%| E|CS|TAMS 0x00000000aa500000| PB 0x00000000aa500000| Complete 
| 678|0x00000000aa600000, 0x00000000aa700000, 0x00000000aa700000|100%| E|CS|TAMS 0x00000000aa600000| PB 0x00000000aa600000| Complete 
| 679|0x00000000aa700000, 0x00000000aa800000, 0x00000000aa800000|100%| E|CS|TAMS 0x00000000aa700000| PB 0x00000000aa700000| Complete 
| 680|0x00000000aa800000, 0x00000000aa900000, 0x00000000aa900000|100%| E|CS|TAMS 0x00000000aa800000| PB 0x00000000aa800000| Complete 
| 681|0x00000000aa900000, 0x00000000aaa00000, 0x00000000aaa00000|100%| E|CS|TAMS 0x00000000aa900000| PB 0x00000000aa900000| Complete 
| 682|0x00000000aaa00000, 0x00000000aab00000, 0x00000000aab00000|100%| E|CS|TAMS 0x00000000aaa00000| PB 0x00000000aaa00000| Complete 
| 683|0x00000000aab00000, 0x00000000aac00000, 0x00000000aac00000|100%| E|CS|TAMS 0x00000000aab00000| PB 0x00000000aab00000| Complete 
| 684|0x00000000aac00000, 0x00000000aad00000, 0x00000000aad00000|100%| E|CS|TAMS 0x00000000aac00000| PB 0x00000000aac00000| Complete 
| 685|0x00000000aad00000, 0x00000000aae00000, 0x00000000aae00000|100%| E|CS|TAMS 0x00000000aad00000| PB 0x00000000aad00000| Complete 
| 686|0x00000000aae00000, 0x00000000aaf00000, 0x00000000aaf00000|100%| E|CS|TAMS 0x00000000aae00000| PB 0x00000000aae00000| Complete 
| 687|0x00000000aaf00000, 0x00000000ab000000, 0x00000000ab000000|100%| E|CS|TAMS 0x00000000aaf00000| PB 0x00000000aaf00000| Complete 
| 688|0x00000000ab000000, 0x00000000ab100000, 0x00000000ab100000|100%| E|CS|TAMS 0x00000000ab000000| PB 0x00000000ab000000| Complete 
| 689|0x00000000ab100000, 0x00000000ab200000, 0x00000000ab200000|100%| E|CS|TAMS 0x00000000ab100000| PB 0x00000000ab100000| Complete 
| 690|0x00000000ab200000, 0x00000000ab300000, 0x00000000ab300000|100%| E|CS|TAMS 0x00000000ab200000| PB 0x00000000ab200000| Complete 
| 691|0x00000000ab300000, 0x00000000ab400000, 0x00000000ab400000|100%| E|CS|TAMS 0x00000000ab300000| PB 0x00000000ab300000| Complete 
| 692|0x00000000ab400000, 0x00000000ab500000, 0x00000000ab500000|100%| E|CS|TAMS 0x00000000ab400000| PB 0x00000000ab400000| Complete 
| 693|0x00000000ab500000, 0x00000000ab600000, 0x00000000ab600000|100%| E|CS|TAMS 0x00000000ab500000| PB 0x00000000ab500000| Complete 
| 694|0x00000000ab600000, 0x00000000ab700000, 0x00000000ab700000|100%| E|CS|TAMS 0x00000000ab600000| PB 0x00000000ab600000| Complete 
| 695|0x00000000ab700000, 0x00000000ab800000, 0x00000000ab800000|100%| E|CS|TAMS 0x00000000ab700000| PB 0x00000000ab700000| Complete 
| 696|0x00000000ab800000, 0x00000000ab900000, 0x00000000ab900000|100%| E|CS|TAMS 0x00000000ab800000| PB 0x00000000ab800000| Complete 
| 697|0x00000000ab900000, 0x00000000aba00000, 0x00000000aba00000|100%| E|CS|TAMS 0x00000000ab900000| PB 0x00000000ab900000| Complete 
| 698|0x00000000aba00000, 0x00000000abb00000, 0x00000000abb00000|100%| E|CS|TAMS 0x00000000aba00000| PB 0x00000000aba00000| Complete 
| 699|0x00000000abb00000, 0x00000000abc00000, 0x00000000abc00000|100%| E|CS|TAMS 0x00000000abb00000| PB 0x00000000abb00000| Complete 
| 700|0x00000000abc00000, 0x00000000abd00000, 0x00000000abd00000|100%| E|CS|TAMS 0x00000000abc00000| PB 0x00000000abc00000| Complete 
| 701|0x00000000abd00000, 0x00000000abe00000, 0x00000000abe00000|100%| E|CS|TAMS 0x00000000abd00000| PB 0x00000000abd00000| Complete 
| 702|0x00000000abe00000, 0x00000000abf00000, 0x00000000abf00000|100%| E|CS|TAMS 0x00000000abe00000| PB 0x00000000abe00000| Complete 
| 703|0x00000000abf00000, 0x00000000ac000000, 0x00000000ac000000|100%| E|CS|TAMS 0x00000000abf00000| PB 0x00000000abf00000| Complete 
| 704|0x00000000ac000000, 0x00000000ac100000, 0x00000000ac100000|100%| E|CS|TAMS 0x00000000ac000000| PB 0x00000000ac000000| Complete 
| 705|0x00000000ac100000, 0x00000000ac200000, 0x00000000ac200000|100%| E|CS|TAMS 0x00000000ac100000| PB 0x00000000ac100000| Complete 
| 706|0x00000000ac200000, 0x00000000ac300000, 0x00000000ac300000|100%| E|CS|TAMS 0x00000000ac200000| PB 0x00000000ac200000| Complete 
| 707|0x00000000ac300000, 0x00000000ac400000, 0x00000000ac400000|100%| E|CS|TAMS 0x00000000ac300000| PB 0x00000000ac300000| Complete 
| 708|0x00000000ac400000, 0x00000000ac500000, 0x00000000ac500000|100%| E|CS|TAMS 0x00000000ac400000| PB 0x00000000ac400000| Complete 
| 709|0x00000000ac500000, 0x00000000ac600000, 0x00000000ac600000|100%| E|CS|TAMS 0x00000000ac500000| PB 0x00000000ac500000| Complete 
| 710|0x00000000ac600000, 0x00000000ac700000, 0x00000000ac700000|100%| E|CS|TAMS 0x00000000ac600000| PB 0x00000000ac600000| Complete 
| 711|0x00000000ac700000, 0x00000000ac800000, 0x00000000ac800000|100%| E|CS|TAMS 0x00000000ac700000| PB 0x00000000ac700000| Complete 
| 712|0x00000000ac800000, 0x00000000ac900000, 0x00000000ac900000|100%| E|CS|TAMS 0x00000000ac800000| PB 0x00000000ac800000| Complete 
| 713|0x00000000ac900000, 0x00000000aca00000, 0x00000000aca00000|100%| E|CS|TAMS 0x00000000ac900000| PB 0x00000000ac900000| Complete 
| 714|0x00000000aca00000, 0x00000000acb00000, 0x00000000acb00000|100%| E|CS|TAMS 0x00000000aca00000| PB 0x00000000aca00000| Complete 
| 715|0x00000000acb00000, 0x00000000acc00000, 0x00000000acc00000|100%| E|CS|TAMS 0x00000000acb00000| PB 0x00000000acb00000| Complete 
| 716|0x00000000acc00000, 0x00000000acd00000, 0x00000000acd00000|100%| E|CS|TAMS 0x00000000acc00000| PB 0x00000000acc00000| Complete 
| 717|0x00000000acd00000, 0x00000000ace00000, 0x00000000ace00000|100%| E|CS|TAMS 0x00000000acd00000| PB 0x00000000acd00000| Complete 
| 718|0x00000000ace00000, 0x00000000acf00000, 0x00000000acf00000|100%| E|CS|TAMS 0x00000000ace00000| PB 0x00000000ace00000| Complete 
| 719|0x00000000acf00000, 0x00000000ad000000, 0x00000000ad000000|100%| E|CS|TAMS 0x00000000acf00000| PB 0x00000000acf00000| Complete 
| 720|0x00000000ad000000, 0x00000000ad100000, 0x00000000ad100000|100%| E|CS|TAMS 0x00000000ad000000| PB 0x00000000ad000000| Complete 
| 721|0x00000000ad100000, 0x00000000ad200000, 0x00000000ad200000|100%| E|CS|TAMS 0x00000000ad100000| PB 0x00000000ad100000| Complete 
| 722|0x00000000ad200000, 0x00000000ad300000, 0x00000000ad300000|100%| E|CS|TAMS 0x00000000ad200000| PB 0x00000000ad200000| Complete 
| 723|0x00000000ad300000, 0x00000000ad400000, 0x00000000ad400000|100%| E|CS|TAMS 0x00000000ad300000| PB 0x00000000ad300000| Complete 
| 724|0x00000000ad400000, 0x00000000ad500000, 0x00000000ad500000|100%| E|CS|TAMS 0x00000000ad400000| PB 0x00000000ad400000| Complete 
| 725|0x00000000ad500000, 0x00000000ad600000, 0x00000000ad600000|100%| E|CS|TAMS 0x00000000ad500000| PB 0x00000000ad500000| Complete 
| 726|0x00000000ad600000, 0x00000000ad700000, 0x00000000ad700000|100%| E|CS|TAMS 0x00000000ad600000| PB 0x00000000ad600000| Complete 
| 727|0x00000000ad700000, 0x00000000ad800000, 0x00000000ad800000|100%| E|CS|TAMS 0x00000000ad700000| PB 0x00000000ad700000| Complete 
| 728|0x00000000ad800000, 0x00000000ad900000, 0x00000000ad900000|100%| E|CS|TAMS 0x00000000ad800000| PB 0x00000000ad800000| Complete 
| 729|0x00000000ad900000, 0x00000000ada00000, 0x00000000ada00000|100%| E|CS|TAMS 0x00000000ad900000| PB 0x00000000ad900000| Complete 
| 730|0x00000000ada00000, 0x00000000adb00000, 0x00000000adb00000|100%| E|CS|TAMS 0x00000000ada00000| PB 0x00000000ada00000| Complete 
| 731|0x00000000adb00000, 0x00000000adc00000, 0x00000000adc00000|100%| E|CS|TAMS 0x00000000adb00000| PB 0x00000000adb00000| Complete 
| 732|0x00000000adc00000, 0x00000000add00000, 0x00000000add00000|100%| E|CS|TAMS 0x00000000adc00000| PB 0x00000000adc00000| Complete 
| 733|0x00000000add00000, 0x00000000ade00000, 0x00000000ade00000|100%| E|CS|TAMS 0x00000000add00000| PB 0x00000000add00000| Complete 
| 734|0x00000000ade00000, 0x00000000adf00000, 0x00000000adf00000|100%| E|CS|TAMS 0x00000000ade00000| PB 0x00000000ade00000| Complete 
| 735|0x00000000adf00000, 0x00000000ae000000, 0x00000000ae000000|100%| E|CS|TAMS 0x00000000adf00000| PB 0x00000000adf00000| Complete 
| 736|0x00000000ae000000, 0x00000000ae100000, 0x00000000ae100000|100%| E|CS|TAMS 0x00000000ae000000| PB 0x00000000ae000000| Complete 
| 737|0x00000000ae100000, 0x00000000ae200000, 0x00000000ae200000|100%| E|CS|TAMS 0x00000000ae100000| PB 0x00000000ae100000| Complete 
| 738|0x00000000ae200000, 0x00000000ae300000, 0x00000000ae300000|100%| E|CS|TAMS 0x00000000ae200000| PB 0x00000000ae200000| Complete 
| 739|0x00000000ae300000, 0x00000000ae400000, 0x00000000ae400000|100%| E|CS|TAMS 0x00000000ae300000| PB 0x00000000ae300000| Complete 
| 740|0x00000000ae400000, 0x00000000ae500000, 0x00000000ae500000|100%| E|CS|TAMS 0x00000000ae400000| PB 0x00000000ae400000| Complete 
| 741|0x00000000ae500000, 0x00000000ae600000, 0x00000000ae600000|100%| E|CS|TAMS 0x00000000ae500000| PB 0x00000000ae500000| Complete 
| 742|0x00000000ae600000, 0x00000000ae700000, 0x00000000ae700000|100%| E|CS|TAMS 0x00000000ae600000| PB 0x00000000ae600000| Complete 
| 743|0x00000000ae700000, 0x00000000ae800000, 0x00000000ae800000|100%| E|CS|TAMS 0x00000000ae700000| PB 0x00000000ae700000| Complete 
| 744|0x00000000ae800000, 0x00000000ae900000, 0x00000000ae900000|100%| E|CS|TAMS 0x00000000ae800000| PB 0x00000000ae800000| Complete 
| 745|0x00000000ae900000, 0x00000000aea00000, 0x00000000aea00000|100%| E|CS|TAMS 0x00000000ae900000| PB 0x00000000ae900000| Complete 
| 746|0x00000000aea00000, 0x00000000aeb00000, 0x00000000aeb00000|100%| E|CS|TAMS 0x00000000aea00000| PB 0x00000000aea00000| Complete 
| 747|0x00000000aeb00000, 0x00000000aec00000, 0x00000000aec00000|100%| E|CS|TAMS 0x00000000aeb00000| PB 0x00000000aeb00000| Complete 
| 748|0x00000000aec00000, 0x00000000aed00000, 0x00000000aed00000|100%| E|CS|TAMS 0x00000000aec00000| PB 0x00000000aec00000| Complete 
| 749|0x00000000aed00000, 0x00000000aee00000, 0x00000000aee00000|100%| E|CS|TAMS 0x00000000aed00000| PB 0x00000000aed00000| Complete 
| 750|0x00000000aee00000, 0x00000000aef00000, 0x00000000aef00000|100%| E|CS|TAMS 0x00000000aee00000| PB 0x00000000aee00000| Complete 
| 751|0x00000000aef00000, 0x00000000af000000, 0x00000000af000000|100%| E|CS|TAMS 0x00000000aef00000| PB 0x00000000aef00000| Complete 
| 752|0x00000000af000000, 0x00000000af100000, 0x00000000af100000|100%| E|CS|TAMS 0x00000000af000000| PB 0x00000000af000000| Complete 
| 753|0x00000000af100000, 0x00000000af200000, 0x00000000af200000|100%| E|CS|TAMS 0x00000000af100000| PB 0x00000000af100000| Complete 
| 754|0x00000000af200000, 0x00000000af300000, 0x00000000af300000|100%| E|CS|TAMS 0x00000000af200000| PB 0x00000000af200000| Complete 
| 755|0x00000000af300000, 0x00000000af400000, 0x00000000af400000|100%| E|CS|TAMS 0x00000000af300000| PB 0x00000000af300000| Complete 
| 756|0x00000000af400000, 0x00000000af500000, 0x00000000af500000|100%| E|CS|TAMS 0x00000000af400000| PB 0x00000000af400000| Complete 
| 757|0x00000000af500000, 0x00000000af600000, 0x00000000af600000|100%| E|CS|TAMS 0x00000000af500000| PB 0x00000000af500000| Complete 
| 758|0x00000000af600000, 0x00000000af700000, 0x00000000af700000|100%| E|CS|TAMS 0x00000000af600000| PB 0x00000000af600000| Complete 
| 759|0x00000000af700000, 0x00000000af800000, 0x00000000af800000|100%| E|CS|TAMS 0x00000000af700000| PB 0x00000000af700000| Complete 
| 760|0x00000000af800000, 0x00000000af900000, 0x00000000af900000|100%| E|CS|TAMS 0x00000000af800000| PB 0x00000000af800000| Complete 
| 761|0x00000000af900000, 0x00000000afa00000, 0x00000000afa00000|100%| E|CS|TAMS 0x00000000af900000| PB 0x00000000af900000| Complete 
| 762|0x00000000afa00000, 0x00000000afb00000, 0x00000000afb00000|100%| E|CS|TAMS 0x00000000afa00000| PB 0x00000000afa00000| Complete 
| 763|0x00000000afb00000, 0x00000000afc00000, 0x00000000afc00000|100%| E|CS|TAMS 0x00000000afb00000| PB 0x00000000afb00000| Complete 
| 764|0x00000000afc00000, 0x00000000afd00000, 0x00000000afd00000|100%| E|CS|TAMS 0x00000000afc00000| PB 0x00000000afc00000| Complete 
| 765|0x00000000afd00000, 0x00000000afe00000, 0x00000000afe00000|100%| E|CS|TAMS 0x00000000afd00000| PB 0x00000000afd00000| Complete 
| 766|0x00000000afe00000, 0x00000000aff00000, 0x00000000aff00000|100%| E|CS|TAMS 0x00000000afe00000| PB 0x00000000afe00000| Complete 
| 767|0x00000000aff00000, 0x00000000b0000000, 0x00000000b0000000|100%| E|CS|TAMS 0x00000000aff00000| PB 0x00000000aff00000| Complete 
| 768|0x00000000b0000000, 0x00000000b0100000, 0x00000000b0100000|100%| E|CS|TAMS 0x00000000b0000000| PB 0x00000000b0000000| Complete 
| 769|0x00000000b0100000, 0x00000000b0200000, 0x00000000b0200000|100%| E|CS|TAMS 0x00000000b0100000| PB 0x00000000b0100000| Complete 
| 770|0x00000000b0200000, 0x00000000b0300000, 0x00000000b0300000|100%| E|CS|TAMS 0x00000000b0200000| PB 0x00000000b0200000| Complete 
| 771|0x00000000b0300000, 0x00000000b0400000, 0x00000000b0400000|100%| E|CS|TAMS 0x00000000b0300000| PB 0x00000000b0300000| Complete 
| 772|0x00000000b0400000, 0x00000000b0500000, 0x00000000b0500000|100%| E|CS|TAMS 0x00000000b0400000| PB 0x00000000b0400000| Complete 
| 773|0x00000000b0500000, 0x00000000b0600000, 0x00000000b0600000|100%| E|CS|TAMS 0x00000000b0500000| PB 0x00000000b0500000| Complete 
| 774|0x00000000b0600000, 0x00000000b0700000, 0x00000000b0700000|100%| E|CS|TAMS 0x00000000b0600000| PB 0x00000000b0600000| Complete 
| 775|0x00000000b0700000, 0x00000000b0800000, 0x00000000b0800000|100%| E|CS|TAMS 0x00000000b0700000| PB 0x00000000b0700000| Complete 
| 776|0x00000000b0800000, 0x00000000b0900000, 0x00000000b0900000|100%| E|CS|TAMS 0x00000000b0800000| PB 0x00000000b0800000| Complete 
| 777|0x00000000b0900000, 0x00000000b0a00000, 0x00000000b0a00000|100%| E|CS|TAMS 0x00000000b0900000| PB 0x00000000b0900000| Complete 
| 778|0x00000000b0a00000, 0x00000000b0b00000, 0x00000000b0b00000|100%| E|CS|TAMS 0x00000000b0a00000| PB 0x00000000b0a00000| Complete 
| 779|0x00000000b0b00000, 0x00000000b0c00000, 0x00000000b0c00000|100%| E|CS|TAMS 0x00000000b0b00000| PB 0x00000000b0b00000| Complete 
| 780|0x00000000b0c00000, 0x00000000b0d00000, 0x00000000b0d00000|100%| E|CS|TAMS 0x00000000b0c00000| PB 0x00000000b0c00000| Complete 
| 781|0x00000000b0d00000, 0x00000000b0e00000, 0x00000000b0e00000|100%| E|CS|TAMS 0x00000000b0d00000| PB 0x00000000b0d00000| Complete 
| 782|0x00000000b0e00000, 0x00000000b0f00000, 0x00000000b0f00000|100%| E|CS|TAMS 0x00000000b0e00000| PB 0x00000000b0e00000| Complete 
| 783|0x00000000b0f00000, 0x00000000b1000000, 0x00000000b1000000|100%| E|CS|TAMS 0x00000000b0f00000| PB 0x00000000b0f00000| Complete 
| 784|0x00000000b1000000, 0x00000000b1100000, 0x00000000b1100000|100%| E|CS|TAMS 0x00000000b1000000| PB 0x00000000b1000000| Complete 
| 785|0x00000000b1100000, 0x00000000b1200000, 0x00000000b1200000|100%| E|CS|TAMS 0x00000000b1100000| PB 0x00000000b1100000| Complete 
| 786|0x00000000b1200000, 0x00000000b1300000, 0x00000000b1300000|100%| E|CS|TAMS 0x00000000b1200000| PB 0x00000000b1200000| Complete 
| 787|0x00000000b1300000, 0x00000000b1400000, 0x00000000b1400000|100%| E|CS|TAMS 0x00000000b1300000| PB 0x00000000b1300000| Complete 
| 788|0x00000000b1400000, 0x00000000b1500000, 0x00000000b1500000|100%| E|CS|TAMS 0x00000000b1400000| PB 0x00000000b1400000| Complete 
| 789|0x00000000b1500000, 0x00000000b1600000, 0x00000000b1600000|100%| E|CS|TAMS 0x00000000b1500000| PB 0x00000000b1500000| Complete 
| 790|0x00000000b1600000, 0x00000000b1700000, 0x00000000b1700000|100%| E|CS|TAMS 0x00000000b1600000| PB 0x00000000b1600000| Complete 
| 791|0x00000000b1700000, 0x00000000b1800000, 0x00000000b1800000|100%| E|CS|TAMS 0x00000000b1700000| PB 0x00000000b1700000| Complete 
| 792|0x00000000b1800000, 0x00000000b1900000, 0x00000000b1900000|100%| E|CS|TAMS 0x00000000b1800000| PB 0x00000000b1800000| Complete 
| 793|0x00000000b1900000, 0x00000000b1a00000, 0x00000000b1a00000|100%| E|CS|TAMS 0x00000000b1900000| PB 0x00000000b1900000| Complete 
| 794|0x00000000b1a00000, 0x00000000b1b00000, 0x00000000b1b00000|100%| E|CS|TAMS 0x00000000b1a00000| PB 0x00000000b1a00000| Complete 
| 795|0x00000000b1b00000, 0x00000000b1c00000, 0x00000000b1c00000|100%| E|CS|TAMS 0x00000000b1b00000| PB 0x00000000b1b00000| Complete 
| 796|0x00000000b1c00000, 0x00000000b1d00000, 0x00000000b1d00000|100%| E|CS|TAMS 0x00000000b1c00000| PB 0x00000000b1c00000| Complete 
| 797|0x00000000b1d00000, 0x00000000b1e00000, 0x00000000b1e00000|100%| E|CS|TAMS 0x00000000b1d00000| PB 0x00000000b1d00000| Complete 
| 798|0x00000000b1e00000, 0x00000000b1f00000, 0x00000000b1f00000|100%| E|CS|TAMS 0x00000000b1e00000| PB 0x00000000b1e00000| Complete 
| 799|0x00000000b1f00000, 0x00000000b2000000, 0x00000000b2000000|100%| E|CS|TAMS 0x00000000b1f00000| PB 0x00000000b1f00000| Complete 
| 800|0x00000000b2000000, 0x00000000b2100000, 0x00000000b2100000|100%| E|CS|TAMS 0x00000000b2000000| PB 0x00000000b2000000| Complete 
| 801|0x00000000b2100000, 0x00000000b2200000, 0x00000000b2200000|100%| E|CS|TAMS 0x00000000b2100000| PB 0x00000000b2100000| Complete 
| 802|0x00000000b2200000, 0x00000000b2300000, 0x00000000b2300000|100%| E|CS|TAMS 0x00000000b2200000| PB 0x00000000b2200000| Complete 
| 803|0x00000000b2300000, 0x00000000b2400000, 0x00000000b2400000|100%| E|CS|TAMS 0x00000000b2300000| PB 0x00000000b2300000| Complete 
| 804|0x00000000b2400000, 0x00000000b2500000, 0x00000000b2500000|100%| E|CS|TAMS 0x00000000b2400000| PB 0x00000000b2400000| Complete 
| 805|0x00000000b2500000, 0x00000000b2600000, 0x00000000b2600000|100%| E|CS|TAMS 0x00000000b2500000| PB 0x00000000b2500000| Complete 
|2037|0x00000000ff500000, 0x00000000ff600000, 0x00000000ff600000|100%| E|CS|TAMS 0x00000000ff500000| PB 0x00000000ff500000| Complete 
|2038|0x00000000ff600000, 0x00000000ff700000, 0x00000000ff700000|100%| E|CS|TAMS 0x00000000ff600000| PB 0x00000000ff600000| Complete 
|2039|0x00000000ff700000, 0x00000000ff800000, 0x00000000ff800000|100%| E|CS|TAMS 0x00000000ff700000| PB 0x00000000ff700000| Complete 
|2040|0x00000000ff800000, 0x00000000ff900000, 0x00000000ff900000|100%| E|CS|TAMS 0x00000000ff800000| PB 0x00000000ff800000| Complete 
|2041|0x00000000ff900000, 0x00000000ffa00000, 0x00000000ffa00000|100%| E|CS|TAMS 0x00000000ff900000| PB 0x00000000ff900000| Complete 
|2042|0x00000000ffa00000, 0x00000000ffb00000, 0x00000000ffb00000|100%| E|CS|TAMS 0x00000000ffa00000| PB 0x00000000ffa00000| Complete 
|2043|0x00000000ffb00000, 0x00000000ffc00000, 0x00000000ffc00000|100%| E|CS|TAMS 0x00000000ffb00000| PB 0x00000000ffb00000| Complete 
|2044|0x00000000ffc00000, 0x00000000ffd00000, 0x00000000ffd00000|100%| E|CS|TAMS 0x00000000ffc00000| PB 0x00000000ffc00000| Complete 
|2045|0x00000000ffd00000, 0x00000000ffe00000, 0x00000000ffe00000|100%| E|CS|TAMS 0x00000000ffd00000| PB 0x00000000ffd00000| Complete 
|2046|0x00000000ffe00000, 0x00000000fff00000, 0x00000000fff00000|100%| E|CS|TAMS 0x00000000ffe00000| PB 0x00000000ffe00000| Complete 
|2047|0x00000000fff00000, 0x00000000fffffff8, 0x0000000100000000| 99%| E|CS|TAMS 0x00000000fff00000| PB 0x00000000fff00000| Complete 

Card table byte_map: [0x000001ce1af40000,0x000001ce1b340000] _byte_map_base: 0x000001ce1ab40000

Marking Bits: (CMBitMap*) 0x000001ce031a4ae0
 Bits: [0x000001ce1b340000, 0x000001ce1d340000)

Polling page: 0x000001ce00f00000

Metaspace:

Usage:
  Non-class:    179.41 MB used.
      Class:     27.04 MB used.
       Both:    206.45 MB used.

Virtual space:
  Non-class space:      192.00 MB reserved,     181.31 MB ( 94%) committed,  3 nodes.
      Class space:      416.00 MB reserved,      28.81 MB (  7%) committed,  1 nodes.
             Both:      608.00 MB reserved,     210.12 MB ( 35%) committed. 

Chunk freelists:
   Non-Class:  9.94 MB
       Class:  3.20 MB
        Both:  13.14 MB

MaxMetaspaceSize: 512.00 MB
CompressedClassSpaceSize: 416.00 MB
Initial GC threshold: 21.00 MB
Current GC threshold: 348.06 MB
CDS: on
 - commit_granule_bytes: 65536.
 - commit_granule_words: 8192.
 - virtual_space_node_default_size: 8388608.
 - enlarge_chunks_in_place: 1.
 - use_allocation_guard: 0.


Internal statistics:

num_allocs_failed_limit: 9.
num_arena_births: 6394.
num_arena_deaths: 336.
num_vsnodes_births: 4.
num_vsnodes_deaths: 0.
num_space_committed: 3368.
num_space_uncommitted: 6.
num_chunks_returned_to_freelist: 568.
num_chunks_taken_from_freelist: 16919.
num_chunk_merges: 149.
num_chunk_splits: 10642.
num_chunks_enlarged: 6489.
num_inconsistent_stats: 0.

CodeHeap 'non-profiled nmethods': size=120000Kb used=30684Kb max_used=30684Kb free=89316Kb
 bounds [0x000001ce130c0000, 0x000001ce14ec0000, 0x000001ce1a5f0000]
CodeHeap 'profiled nmethods': size=120000Kb used=63544Kb max_used=70817Kb free=56455Kb
 bounds [0x000001ce0b5f0000, 0x000001ce0fb50000, 0x000001ce12b20000]
CodeHeap 'non-nmethods': size=5760Kb used=3232Kb max_used=3297Kb free=2527Kb
 bounds [0x000001ce12b20000, 0x000001ce12e70000, 0x000001ce130c0000]
 total_blobs=31520 nmethods=30288 adapters=1133
 compilation: enabled
              stopped_count=0, restarted_count=0
 full_count=0

Compilation events (20 events):
Event: 288.699 Thread 0x000001ce1ffeb7b0 nmethod 46189 0x000001ce14eb4b90 code [0x000001ce14eb4dc0, 0x000001ce14eb5548]
Event: 288.700 Thread 0x000001ce1ffeb7b0 46192       4       com.google.gson.stream.JsonWriter::newline (47 bytes)
Event: 288.703 Thread 0x000001ce1ffeb7b0 nmethod 46192 0x000001ce14eb5b10 code [0x000001ce14eb5ca0, 0x000001ce14eb5dd8]
Event: 288.703 Thread 0x000001ce1ffeb7b0 46194       4       com.android.ide.common.blame.SourceFile::equals (55 bytes)
Event: 288.709 Thread 0x000001ce1ffeb7b0 nmethod 46194 0x000001ce14eb5f10 code [0x000001ce14eb60c0, 0x000001ce14eb64d8]
Event: 288.714 Thread 0x000001ce1ffeb7b0 46195       4       com.android.ide.common.blame.SourceFile::hashCode (22 bytes)
Event: 288.722 Thread 0x000001ce1ffed670 46196       3       com.google.common.cache.LocalCache$Segment::postReadCleanup (18 bytes)
Event: 288.723 Thread 0x000001ce1ffed670 nmethod 46196 0x000001ce0cd96090 code [0x000001ce0cd96240, 0x000001ce0cd96408]
Event: 288.724 Thread 0x000001ce1ffeb7b0 nmethod 46195 0x000001ce14eb6710 code [0x000001ce14eb68a0, 0x000001ce14eb6c10]
Event: 288.748 Thread 0x000001ce1ffeb7b0 46197       4       com.android.ide.common.blame.MergingLogPersistUtil$SourcePositionsSerializer::append (67 bytes)
Event: 288.750 Thread 0x000001ce1ffed670 46198   !   3       java.io.BufferedWriter::write (70 bytes)
Event: 288.753 Thread 0x000001ce1ffed670 nmethod 46198 0x000001ce0f23ae10 code [0x000001ce0f23b0a0, 0x000001ce0f23bed8]
Event: 288.761 Thread 0x000001ce1ffed670 46199       3       java.io.BufferedWriter::implWrite (43 bytes)
Event: 288.762 Thread 0x000001ce1ffed670 nmethod 46199 0x000001ce0d4a4a10 code [0x000001ce0d4a4c00, 0x000001ce0d4a5008]
Event: 288.774 Thread 0x000001ce1ffed670 46201       3       com.android.ide.common.blame.MergingLogPersistUtil$SourcePositionsSerializer::equals (155 bytes)
Event: 288.777 Thread 0x000001ce1ffed670 nmethod 46201 0x000001ce0e376590 code [0x000001ce0e376960, 0x000001ce0e378048]
Event: 288.778 Thread 0x000001ce1ffed670 46202       3       com.google.gson.stream.JsonWriter::beginArray (12 bytes)
Event: 288.779 Thread 0x000001ce1ffed670 nmethod 46202 0x000001ce0d76be90 code [0x000001ce0d76c0a0, 0x000001ce0d76c4b0]
Event: 288.779 Thread 0x000001ce1ffed670 46203       3       com.google.gson.stream.JsonWriter::endArray (9 bytes)
Event: 288.779 Thread 0x000001ce1ffed670 nmethod 46203 0x000001ce0dfa9d10 code [0x000001ce0dfa9ec0, 0x000001ce0dfaa010]

GC Heap History (20 events):
Event: 191.578 GC heap before
{Heap before GC invocations=98 (full 0):
 garbage-first heap   total 836608K, used 732900K [0x0000000080000000, 0x0000000100000000)
  region size 1024K, 266 young (272384K), 16 survivors (16384K)
 Metaspace       used 203861K, committed 207808K, reserved 622592K
  class space    used 26728K, committed 28544K, reserved 425984K
}
Event: 191.634 GC heap after
{Heap after GC invocations=99 (full 0):
 garbage-first heap   total 836608K, used 486263K [0x0000000080000000, 0x0000000100000000)
  region size 1024K, 24 young (24576K), 24 survivors (24576K)
 Metaspace       used 203861K, committed 207808K, reserved 622592K
  class space    used 26728K, committed 28544K, reserved 425984K
}
Event: 193.848 GC heap before
{Heap before GC invocations=99 (full 0):
 garbage-first heap   total 836608K, used 769911K [0x0000000080000000, 0x0000000100000000)
  region size 1024K, 300 young (307200K), 24 survivors (24576K)
 Metaspace       used 204475K, committed 208192K, reserved 622592K
  class space    used 26823K, committed 28608K, reserved 425984K
}
Event: 193.974 GC heap after
{Heap after GC invocations=100 (full 0):
 garbage-first heap   total 836608K, used 477686K [0x0000000080000000, 0x0000000100000000)
  region size 1024K, 23 young (23552K), 23 survivors (23552K)
 Metaspace       used 204475K, committed 208192K, reserved 622592K
  class space    used 26823K, committed 28608K, reserved 425984K
}
Event: 197.579 GC heap before
{Heap before GC invocations=100 (full 0):
 garbage-first heap   total 836608K, used 768502K [0x0000000080000000, 0x0000000100000000)
  region size 1024K, 309 young (316416K), 23 survivors (23552K)
 Metaspace       used 204683K, committed 208384K, reserved 622592K
  class space    used 26834K, committed 28608K, reserved 425984K
}
Event: 197.592 GC heap after
{Heap after GC invocations=101 (full 0):
 garbage-first heap   total 836608K, used 473161K [0x0000000080000000, 0x0000000100000000)
  region size 1024K, 16 young (16384K), 16 survivors (16384K)
 Metaspace       used 204683K, committed 208384K, reserved 622592K
  class space    used 26834K, committed 28608K, reserved 425984K
}
Event: 202.200 GC heap before
{Heap before GC invocations=102 (full 0):
 garbage-first heap   total 836608K, used 769097K [0x0000000080000000, 0x0000000100000000)
  region size 1024K, 312 young (319488K), 16 survivors (16384K)
 Metaspace       used 204298K, committed 208128K, reserved 622592K
  class space    used 26823K, committed 28608K, reserved 425984K
}
Event: 202.218 GC heap after
{Heap after GC invocations=103 (full 0):
 garbage-first heap   total 836608K, used 464858K [0x0000000080000000, 0x0000000100000000)
  region size 1024K, 15 young (15360K), 15 survivors (15360K)
 Metaspace       used 204298K, committed 208128K, reserved 622592K
  class space    used 26823K, committed 28608K, reserved 425984K
}
Event: 206.954 GC heap before
{Heap before GC invocations=103 (full 0):
 garbage-first heap   total 836608K, used 777178K [0x0000000080000000, 0x0000000100000000)
  region size 1024K, 320 young (327680K), 15 survivors (15360K)
 Metaspace       used 204378K, committed 208128K, reserved 622592K
  class space    used 26825K, committed 28608K, reserved 425984K
}
Event: 206.978 GC heap after
{Heap after GC invocations=104 (full 0):
 garbage-first heap   total 836608K, used 431031K [0x0000000080000000, 0x0000000100000000)
  region size 1024K, 15 young (15360K), 15 survivors (15360K)
 Metaspace       used 204378K, committed 208128K, reserved 622592K
  class space    used 26825K, committed 28608K, reserved 425984K
}
Event: 211.329 GC heap before
{Heap before GC invocations=104 (full 0):
 garbage-first heap   total 836608K, used 597943K [0x0000000080000000, 0x0000000100000000)
  region size 1024K, 180 young (184320K), 15 survivors (15360K)
 Metaspace       used 204567K, committed 208192K, reserved 622592K
  class space    used 26826K, committed 28608K, reserved 425984K
}
Event: 211.347 GC heap after
{Heap after GC invocations=105 (full 0):
 garbage-first heap   total 836608K, used 433902K [0x0000000080000000, 0x0000000100000000)
  region size 1024K, 18 young (18432K), 18 survivors (18432K)
 Metaspace       used 204567K, committed 208192K, reserved 622592K
  class space    used 26826K, committed 28608K, reserved 425984K
}
Event: 230.755 GC heap before
{Heap before GC invocations=106 (full 0):
 garbage-first heap   total 836608K, used 772846K [0x0000000080000000, 0x0000000100000000)
  region size 1024K, 351 young (359424K), 18 survivors (18432K)
 Metaspace       used 206087K, committed 209728K, reserved 622592K
  class space    used 27017K, committed 28800K, reserved 425984K
}
Event: 230.832 GC heap after
{Heap after GC invocations=107 (full 0):
 garbage-first heap   total 836608K, used 426873K [0x0000000080000000, 0x0000000100000000)
  region size 1024K, 13 young (13312K), 13 survivors (13312K)
 Metaspace       used 206087K, committed 209728K, reserved 622592K
  class space    used 27017K, committed 28800K, reserved 425984K
}
Event: 242.192 GC heap before
{Heap before GC invocations=107 (full 0):
 garbage-first heap   total 836608K, used 779129K [0x0000000080000000, 0x0000000100000000)
  region size 1024K, 358 young (366592K), 13 survivors (13312K)
 Metaspace       used 206389K, committed 210048K, reserved 622592K
  class space    used 27054K, committed 28800K, reserved 425984K
}
Event: 242.232 GC heap after
{Heap after GC invocations=108 (full 0):
 garbage-first heap   total 836608K, used 424040K [0x0000000080000000, 0x0000000100000000)
  region size 1024K, 13 young (13312K), 13 survivors (13312K)
 Metaspace       used 206389K, committed 210048K, reserved 622592K
  class space    used 27054K, committed 28800K, reserved 425984K
}
Event: 264.579 GC heap before
{Heap before GC invocations=108 (full 0):
 garbage-first heap   total 836608K, used 778344K [0x0000000080000000, 0x0000000100000000)
  region size 1024K, 360 young (368640K), 13 survivors (13312K)
 Metaspace       used 206737K, committed 210432K, reserved 622592K
  class space    used 27088K, committed 28864K, reserved 425984K
}
Event: 264.755 GC heap after
{Heap after GC invocations=109 (full 0):
 garbage-first heap   total 836608K, used 420143K [0x0000000080000000, 0x0000000100000000)
  region size 1024K, 18 young (18432K), 18 survivors (18432K)
 Metaspace       used 206737K, committed 210432K, reserved 622592K
  class space    used 27088K, committed 28864K, reserved 425984K
}
Event: 270.892 GC heap before
{Heap before GC invocations=109 (full 0):
 garbage-first heap   total 836608K, used 617775K [0x0000000080000000, 0x0000000100000000)
  region size 1024K, 213 young (218112K), 18 survivors (18432K)
 Metaspace       used 209536K, committed 213376K, reserved 622592K
  class space    used 27472K, committed 29312K, reserved 425984K
}
Event: 270.987 GC heap after
{Heap after GC invocations=110 (full 0):
 garbage-first heap   total 836608K, used 431200K [0x0000000080000000, 0x0000000100000000)
  region size 1024K, 29 young (29696K), 29 survivors (29696K)
 Metaspace       used 209536K, committed 213376K, reserved 622592K
  class space    used 27472K, committed 29312K, reserved 425984K
}

Dll operation events (16 events):
Event: 0.065 Loaded shared library C:\Program Files\Java\latest\jdk-21\bin\java.dll
Event: 0.103 Loaded shared library C:\Program Files\Java\latest\jdk-21\bin\jsvml.dll
Event: 0.143 Loaded shared library C:\Program Files\Java\latest\jdk-21\bin\zip.dll
Event: 0.149 Loaded shared library C:\Program Files\Java\latest\jdk-21\bin\instrument.dll
Event: 0.153 Loaded shared library C:\Program Files\Java\latest\jdk-21\bin\net.dll
Event: 0.155 Loaded shared library C:\Program Files\Java\latest\jdk-21\bin\nio.dll
Event: 0.157 Loaded shared library C:\Program Files\Java\latest\jdk-21\bin\zip.dll
Event: 0.357 Loaded shared library C:\Program Files\Java\latest\jdk-21\bin\jimage.dll
Event: 0.464 Loaded shared library C:\Program Files\Java\latest\jdk-21\bin\verify.dll
Event: 0.543 Loaded shared library C:\Users\Aswin\.gradle\native\1def1411415f61bf3af743bc5b6707747c0891f09f0c88961ee8f79bc544acac\windows-amd64\native-platform.dll
Event: 0.562 Loaded shared library C:\Users\Aswin\.gradle\native\0.2.7\x86_64-windows-gnu\gradle-fileevents.dll
Event: 1.690 Loaded shared library C:\Program Files\Java\latest\jdk-21\bin\management.dll
Event: 1.692 Loaded shared library C:\Program Files\Java\latest\jdk-21\bin\management_ext.dll
Event: 1.838 Loaded shared library C:\Program Files\Java\latest\jdk-21\bin\extnet.dll
Event: 2.246 Loaded shared library C:\Program Files\Java\latest\jdk-21\bin\sunmscapi.dll
Event: 27.108 Loaded shared library C:\Program Files\Java\latest\jdk-21\bin\rmi.dll

Deoptimization events (20 events):
Event: 288.574 Thread 0x000001ce45f66680 Uncommon trap: trap_request=0xffffffc6 fr.pc=0x000001ce1453daac relative=0x000000000000412c
Event: 288.574 Thread 0x000001ce45f66680 Uncommon trap: reason=bimorphic_or_optimized_type_check action=maybe_recompile pc=0x000001ce1453daac method=com.google.gson.stream.JsonWriter.string(Ljava/lang/String;)V @ 117 c2
Event: 288.574 Thread 0x000001ce45f66680 DEOPT PACKING pc=0x000001ce1453daac sp=0x0000004c4bffab10
Event: 288.575 Thread 0x000001ce45f66680 DEOPT UNPACKING pc=0x000001ce12b746a2 sp=0x0000004c4bffab28 mode 2
Event: 288.575 Thread 0x000001ce45f66680 Uncommon trap: trap_request=0xffffffc6 fr.pc=0x000001ce1453daac relative=0x000000000000412c
Event: 288.575 Thread 0x000001ce45f66680 Uncommon trap: reason=bimorphic_or_optimized_type_check action=maybe_recompile pc=0x000001ce1453daac method=com.google.gson.stream.JsonWriter.string(Ljava/lang/String;)V @ 117 c2
Event: 288.575 Thread 0x000001ce45f66680 DEOPT PACKING pc=0x000001ce1453daac sp=0x0000004c4bffab10
Event: 288.575 Thread 0x000001ce45f66680 DEOPT UNPACKING pc=0x000001ce12b746a2 sp=0x0000004c4bffab28 mode 2
Event: 288.575 Thread 0x000001ce45f66680 Uncommon trap: trap_request=0xffffffc6 fr.pc=0x000001ce1453daac relative=0x000000000000412c
Event: 288.575 Thread 0x000001ce45f66680 Uncommon trap: reason=bimorphic_or_optimized_type_check action=maybe_recompile pc=0x000001ce1453daac method=com.google.gson.stream.JsonWriter.string(Ljava/lang/String;)V @ 117 c2
Event: 288.575 Thread 0x000001ce45f66680 DEOPT PACKING pc=0x000001ce1453daac sp=0x0000004c4bffab10
Event: 288.575 Thread 0x000001ce45f66680 DEOPT UNPACKING pc=0x000001ce12b746a2 sp=0x0000004c4bffab28 mode 2
Event: 288.750 Thread 0x000001ce45f66680 Uncommon trap: trap_request=0xffffff45 fr.pc=0x000001ce14eb5294 relative=0x00000000000004d4
Event: 288.750 Thread 0x000001ce45f66680 Uncommon trap: reason=unstable_if action=reinterpret pc=0x000001ce14eb5294 method=java.io.BufferedWriter.implWrite(I)V @ 17 c2
Event: 288.750 Thread 0x000001ce45f66680 DEOPT PACKING pc=0x000001ce14eb5294 sp=0x0000004c4bffaa50
Event: 288.750 Thread 0x000001ce45f66680 DEOPT UNPACKING pc=0x000001ce12b746a2 sp=0x0000004c4bffa990 mode 2
Event: 288.761 Thread 0x000001ce45f66680 Uncommon trap: trap_request=0xffffff45 fr.pc=0x000001ce14eb3f84 relative=0x00000000000001c4
Event: 288.761 Thread 0x000001ce45f66680 Uncommon trap: reason=unstable_if action=reinterpret pc=0x000001ce14eb3f84 method=java.io.BufferedWriter.implWrite(I)V @ 17 c2
Event: 288.761 Thread 0x000001ce45f66680 DEOPT PACKING pc=0x000001ce14eb3f84 sp=0x0000004c4bffa9d0
Event: 288.761 Thread 0x000001ce45f66680 DEOPT UNPACKING pc=0x000001ce12b746a2 sp=0x0000004c4bffa988 mode 2

Classes loaded (20 events):
Event: 221.346 Loading class java/nio/channels/AsynchronousCloseException
Event: 221.355 Loading class java/nio/channels/AsynchronousCloseException done
Event: 264.226 Loading class com/sun/org/apache/xerces/internal/dom/DeferredDOMImplementationImpl
Event: 264.241 Loading class com/sun/org/apache/xerces/internal/dom/DeferredDOMImplementationImpl done
Event: 266.345 Loading class java/util/concurrent/Executors$AutoShutdownDelegatedExecutorService
Event: 266.350 Loading class java/util/concurrent/Executors$AutoShutdownDelegatedExecutorService done
Event: 271.311 Loading class sun/nio/cs/US_ASCII$Encoder
Event: 271.314 Loading class sun/nio/cs/US_ASCII$Encoder done
Event: 272.031 Loading class java/util/TreeMap$AscendingSubMap
Event: 272.048 Loading class java/util/TreeMap$AscendingSubMap done
Event: 272.051 Loading class java/util/TreeMap$NavigableSubMap$SubMapKeyIterator
Event: 272.061 Loading class java/util/TreeMap$NavigableSubMap$SubMapKeyIterator done
Event: 279.280 Loading class jdk/internal/reflect/MethodHandleByteFieldAccessorImpl
Event: 279.295 Loading class jdk/internal/reflect/MethodHandleByteFieldAccessorImpl done
Event: 281.030 Loading class java/lang/Throwable$WrappedPrintWriter
Event: 281.030 Loading class java/lang/Throwable$PrintStreamOrWriter
Event: 281.030 Loading class java/lang/Throwable$PrintStreamOrWriter done
Event: 281.030 Loading class java/lang/Throwable$WrappedPrintWriter done
Event: 281.513 Loading class java/lang/invoke/WrongMethodTypeException
Event: 281.514 Loading class java/lang/invoke/WrongMethodTypeException done

Classes unloaded (20 events):
Event: 197.904 Thread 0x000001ce1ff9bd90 Unloading class 0x000001ce22810228 'jdk/internal/jimage/ImageHeader'
Event: 197.904 Thread 0x000001ce1ff9bd90 Unloading class 0x000001ce22810000 'jdk/internal/jimage/BasicImageReader$2'
Event: 197.904 Thread 0x000001ce1ff9bd90 Unloading class 0x000001ce225facc0 'jdk/internal/jimage/BasicImageReader$1'
Event: 197.904 Thread 0x000001ce1ff9bd90 Unloading class 0x000001ce225faa60 'jdk/internal/jimage/ImageReader$Resource'
Event: 197.904 Thread 0x000001ce1ff9bd90 Unloading class 0x000001ce225fa800 'jdk/internal/jimage/ImageReader$LinkNode'
Event: 197.904 Thread 0x000001ce1ff9bd90 Unloading class 0x000001ce225fcc50 'jdk/internal/jimage/ImageReader$Directory'
Event: 197.905 Thread 0x000001ce1ff9bd90 Unloading class 0x000001ce225fc9f0 'jdk/internal/jimage/ImageReader$Node'
Event: 197.905 Thread 0x000001ce1ff9bd90 Unloading class 0x000001ce225fc800 'jdk/internal/jimage/ImageStrings'
Event: 197.905 Thread 0x000001ce1ff9bd90 Unloading class 0x000001ce225fecd0 'jdk/internal/jimage/ImageReader$SharedImageReader'
Event: 197.905 Thread 0x000001ce1ff9bd90 Unloading class 0x000001ce225fea18 'jdk/internal/jimage/BasicImageReader'
Event: 197.905 Thread 0x000001ce1ff9bd90 Unloading class 0x000001ce225fe800 'jdk/internal/jimage/ImageReader'
Event: 197.905 Thread 0x000001ce1ff9bd90 Unloading class 0x000001ce22600438 'jdk/internal/jrtfs/SystemImage$2'
Event: 197.905 Thread 0x000001ce1ff9bd90 Unloading class 0x000001ce22600228 'jdk/internal/jrtfs/SystemImage$$Lambda+0x000001ce22600228'
Event: 197.905 Thread 0x000001ce1ff9bd90 Unloading class 0x000001ce22600000 'jdk/internal/jrtfs/ExplodedImage'
Event: 197.905 Thread 0x000001ce1ff9bd90 Unloading class 0x000001ce226025c8 'jdk/internal/jrtfs/SystemImage$1'
Event: 197.905 Thread 0x000001ce1ff9bd90 Unloading class 0x000001ce226035d8 'jdk/internal/jrtfs/SystemImage'
Event: 197.905 Thread 0x000001ce1ff9bd90 Unloading class 0x000001ce22602370 'jdk/internal/jrtfs/JrtFileStore'
Event: 197.905 Thread 0x000001ce1ff9bd90 Unloading class 0x000001ce22602000 'jdk/internal/jrtfs/JrtPath'
Event: 197.905 Thread 0x000001ce1ff9bd90 Unloading class 0x000001ce226032e8 'jdk/internal/jrtfs/JrtFileSystem'
Event: 197.905 Thread 0x000001ce1ff9bd90 Unloading class 0x000001ce22603000 'jdk/internal/jrtfs/JrtFileSystemProvider'

Classes redefined (0 events):
No events

Internal exceptions (20 events):
Event: 288.194 Thread 0x000001ce45f66680 Exception <a 'sun/nio/fs/WindowsException'{0x00000000a7461150}> (0x00000000a7461150) 
thrown [s\open\src\hotspot\share\prims\jni.cpp, line 520]
Event: 288.205 Thread 0x000001ce45f66680 Exception <a 'sun/nio/fs/WindowsException'{0x00000000a74631b0}> (0x00000000a74631b0) 
thrown [s\open\src\hotspot\share\prims\jni.cpp, line 520]
Event: 288.219 Thread 0x000001ce45f66680 Exception <a 'sun/nio/fs/WindowsException'{0x00000000a74651a0}> (0x00000000a74651a0) 
thrown [s\open\src\hotspot\share\prims\jni.cpp, line 520]
Event: 288.226 Thread 0x000001ce45f66680 Exception <a 'sun/nio/fs/WindowsException'{0x00000000a7467140}> (0x00000000a7467140) 
thrown [s\open\src\hotspot\share\prims\jni.cpp, line 520]
Event: 288.234 Thread 0x000001ce45f66680 Exception <a 'sun/nio/fs/WindowsException'{0x00000000a7469198}> (0x00000000a7469198) 
thrown [s\open\src\hotspot\share\prims\jni.cpp, line 520]
Event: 288.253 Thread 0x000001ce45f66680 Exception <a 'sun/nio/fs/WindowsException'{0x00000000a746b350}> (0x00000000a746b350) 
thrown [s\open\src\hotspot\share\prims\jni.cpp, line 520]
Event: 288.261 Thread 0x000001ce45f66680 Exception <a 'sun/nio/fs/WindowsException'{0x00000000a746d2c8}> (0x00000000a746d2c8) 
thrown [s\open\src\hotspot\share\prims\jni.cpp, line 520]
Event: 288.275 Thread 0x000001ce45f66680 Exception <a 'sun/nio/fs/WindowsException'{0x00000000a746f1f8}> (0x00000000a746f1f8) 
thrown [s\open\src\hotspot\share\prims\jni.cpp, line 520]
Event: 288.282 Thread 0x000001ce45f66680 Exception <a 'sun/nio/fs/WindowsException'{0x00000000a7471110}> (0x00000000a7471110) 
thrown [s\open\src\hotspot\share\prims\jni.cpp, line 520]
Event: 288.306 Thread 0x000001ce45f66680 Exception <a 'sun/nio/fs/WindowsException'{0x00000000a7473118}> (0x00000000a7473118) 
thrown [s\open\src\hotspot\share\prims\jni.cpp, line 520]
Event: 288.312 Thread 0x000001ce45f66680 Exception <a 'sun/nio/fs/WindowsException'{0x00000000a7475310}> (0x00000000a7475310) 
thrown [s\open\src\hotspot\share\prims\jni.cpp, line 520]
Event: 288.319 Thread 0x000001ce45f66680 Exception <a 'sun/nio/fs/WindowsException'{0x00000000a74773a8}> (0x00000000a74773a8) 
thrown [s\open\src\hotspot\share\prims\jni.cpp, line 520]
Event: 288.329 Thread 0x000001ce45f66680 Exception <a 'sun/nio/fs/WindowsException'{0x00000000a7479448}> (0x00000000a7479448) 
thrown [s\open\src\hotspot\share\prims\jni.cpp, line 520]
Event: 288.339 Thread 0x000001ce45f66680 Exception <a 'sun/nio/fs/WindowsException'{0x00000000a747b310}> (0x00000000a747b310) 
thrown [s\open\src\hotspot\share\prims\jni.cpp, line 520]
Event: 288.354 Thread 0x000001ce45f66680 Exception <a 'sun/nio/fs/WindowsException'{0x00000000a747d3f0}> (0x00000000a747d3f0) 
thrown [s\open\src\hotspot\share\prims\jni.cpp, line 520]
Event: 288.360 Thread 0x000001ce45f66680 Exception <a 'sun/nio/fs/WindowsException'{0x00000000a747f480}> (0x00000000a747f480) 
thrown [s\open\src\hotspot\share\prims\jni.cpp, line 520]
Event: 288.380 Thread 0x000001ce45f66680 Exception <a 'sun/nio/fs/WindowsException'{0x00000000a749a9c0}> (0x00000000a749a9c0) 
thrown [s\open\src\hotspot\share\prims\jni.cpp, line 520]
Event: 288.402 Thread 0x000001ce45f66680 Exception <a 'sun/nio/fs/WindowsException'{0x00000000a749cb90}> (0x00000000a749cb90) 
thrown [s\open\src\hotspot\share\prims\jni.cpp, line 520]
Event: 288.430 Thread 0x000001ce45f66680 Exception <a 'sun/nio/fs/WindowsException'{0x00000000a749eb70}> (0x00000000a749eb70) 
thrown [s\open\src\hotspot\share\prims\jni.cpp, line 520]
Event: 288.473 Thread 0x000001ce45f66680 Exception <a 'sun/nio/fs/WindowsException'{0x00000000a74a0c28}> (0x00000000a74a0c28) 
thrown [s\open\src\hotspot\share\prims\jni.cpp, line 520]

ZGC Phase Switch (0 events):
No events

VM Operations (20 events):
Event: 277.129 Executing VM operation: Cleanup
Event: 277.129 Executing VM operation: Cleanup done
Event: 278.144 Executing VM operation: Cleanup
Event: 278.160 Executing VM operation: Cleanup done
Event: 279.600 Executing VM operation: HandshakeAllThreads (Deoptimize)
Event: 279.612 Executing VM operation: HandshakeAllThreads (Deoptimize) done
Event: 279.612 Executing VM operation: Cleanup
Event: 279.630 Executing VM operation: Cleanup done
Event: 280.631 Executing VM operation: Cleanup
Event: 280.646 Executing VM operation: Cleanup done
Event: 281.647 Executing VM operation: Cleanup
Event: 281.650 Executing VM operation: Cleanup done
Event: 281.877 Executing VM operation: HandshakeAllThreads (Deoptimize)
Event: 281.878 Executing VM operation: HandshakeAllThreads (Deoptimize) done
Event: 282.882 Executing VM operation: Cleanup
Event: 282.883 Executing VM operation: Cleanup done
Event: 283.893 Executing VM operation: Cleanup
Event: 283.893 Executing VM operation: Cleanup done
Event: 284.897 Executing VM operation: Cleanup
Event: 284.897 Executing VM operation: Cleanup done

Events (20 events):
Event: 273.624 Thread 0x000001ce1ff9bd90 flushing nmethod 0x000001ce0f867710
Event: 273.624 Thread 0x000001ce1ff9bd90 flushing nmethod 0x000001ce0f879c10
Event: 273.624 Thread 0x000001ce1ff9bd90 flushing nmethod 0x000001ce0f87c010
Event: 273.624 Thread 0x000001ce1ff9bd90 flushing nmethod 0x000001ce0f87cf10
Event: 273.624 Thread 0x000001ce1ff9bd90 flushing nmethod 0x000001ce0f8d4c10
Event: 273.624 Thread 0x000001ce1ff9bd90 flushing nmethod 0x000001ce0fa2b510
Event: 273.624 Thread 0x000001ce1ff9bd90 flushing nmethod 0x000001ce0fa61f90
Event: 273.624 Thread 0x000001ce1ff9bd90 flushing nmethod 0x000001ce0fa62790
Event: 274.247 Thread 0x000001ce4b2babc0 Thread added: 0x000001ce4b2babc0
Event: 274.331 Thread 0x000001ce4ce46ce0 Thread exited: 0x000001ce4ce46ce0
Event: 274.332 Thread 0x000001ce4667c1a0 Thread exited: 0x000001ce4667c1a0
Event: 274.396 Thread 0x000001ce54d5e950 Thread added: 0x000001ce54d5e950
Event: 275.779 Thread 0x000001ce4d863520 Thread added: 0x000001ce4d863520
Event: 276.420 Thread 0x000001ce54d5e950 Thread exited: 0x000001ce54d5e950
Event: 276.427 Thread 0x000001ce4cdd3360 Thread exited: 0x000001ce4cdd3360
Event: 276.970 Thread 0x000001ce4d863520 Thread exited: 0x000001ce4d863520
Event: 281.233 Thread 0x000001ce4fda3a10 Thread added: 0x000001ce4fda3a10
Event: 281.320 Thread 0x000001ce4fda5550 Thread added: 0x000001ce4fda5550
Event: 283.056 Thread 0x000001ce4fda5550 Thread exited: 0x000001ce4fda5550
Event: 283.056 Thread 0x000001ce4fda3a10 Thread exited: 0x000001ce4fda3a10


Dynamic libraries:
0x00007ff7f2da0000 - 0x00007ff7f2db0000 	C:\Program Files\Java\latest\jdk-21\bin\java.exe
0x00007fffb48e0000 - 0x00007fffb4b47000 	C:\WINDOWS\SYSTEM32\ntdll.dll
0x00007fffb2d00000 - 0x00007fffb2dca000 	C:\WINDOWS\System32\KERNEL32.DLL
0x00007fffb2140000 - 0x00007fffb2542000 	C:\WINDOWS\System32\KERNELBASE.dll
0x00007fffb1e80000 - 0x00007fffb1fcc000 	C:\WINDOWS\System32\ucrtbase.dll
0x00007fff3cfc0000 - 0x00007fff3cfd9000 	C:\Program Files\Java\latest\jdk-21\bin\jli.dll
0x00007fff3ac80000 - 0x00007fff3ac9e000 	C:\Program Files\Java\latest\jdk-21\bin\VCRUNTIME140.dll
0x00007fffb38a0000 - 0x00007fffb395c000 	C:\WINDOWS\System32\ADVAPI32.dll
0x00007fffb3130000 - 0x00007fffb31d9000 	C:\WINDOWS\System32\msvcrt.dll
0x00007fffb2610000 - 0x00007fffb26b9000 	C:\WINDOWS\System32\sechost.dll
0x00007fffb3570000 - 0x00007fffb3688000 	C:\WINDOWS\System32\RPCRT4.dll
0x00007fffb4660000 - 0x00007fffb482f000 	C:\WINDOWS\System32\USER32.dll
0x00007fffb1fe0000 - 0x00007fffb2007000 	C:\WINDOWS\System32\win32u.dll
0x00007fffb2cd0000 - 0x00007fffb2cfb000 	C:\WINDOWS\System32\GDI32.dll
0x00007fffb2010000 - 0x00007fffb2139000 	C:\WINDOWS\System32\gdi32full.dll
0x00007fff99c90000 - 0x00007fff99f20000 	C:\WINDOWS\WinSxS\amd64_microsoft.windows.common-controls_6595b64144ccf1df_6.0.26100.9278_none_3e0d1ba8e3303201\COMCTL32.dll
0x00007fffb1af0000 - 0x00007fffb1b93000 	C:\WINDOWS\System32\msvcp_win.dll
0x00007fff99f40000 - 0x00007fff99f4b000 	C:\WINDOWS\SYSTEM32\VERSION.dll
0x00007fffb4840000 - 0x00007fffb4871000 	C:\WINDOWS\System32\IMM32.DLL
0x00007fff779b0000 - 0x00007fff779bc000 	C:\Program Files\Java\latest\jdk-21\bin\vcruntime140_1.dll
0x00007fff39ea0000 - 0x00007fff39f2d000 	C:\Program Files\Java\latest\jdk-21\bin\msvcp140.dll
0x00007ffeec290000 - 0x00007ffeecfb7000 	C:\Program Files\Java\latest\jdk-21\bin\server\jvm.dll
0x00007fffb2c40000 - 0x00007fffb2cc0000 	C:\WINDOWS\System32\WS2_32.dll
0x00007fffac060000 - 0x00007fffac096000 	C:\WINDOWS\SYSTEM32\WINMM.dll
0x00007fffb1970000 - 0x00007fffb19ce000 	C:\WINDOWS\SYSTEM32\POWRPROF.dll
0x00007fffb1950000 - 0x00007fffb1965000 	C:\WINDOWS\SYSTEM32\UMPDC.dll
0x00007fffb0790000 - 0x00007fffb07ab000 	C:\WINDOWS\SYSTEM32\kernel.appcore.dll
0x00007fff71aa0000 - 0x00007fff71aaa000 	C:\Program Files\Java\latest\jdk-21\bin\jimage.dll
0x00007fffac640000 - 0x00007fffac882000 	C:\WINDOWS\SYSTEM32\DBGHELP.DLL
0x00007fffb27c0000 - 0x00007fffb2b44000 	C:\WINDOWS\System32\combase.dll
0x00007fffb3330000 - 0x00007fffb3409000 	C:\WINDOWS\System32\OLEAUT32.dll
0x00007fff7c810000 - 0x00007fff7c84b000 	C:\WINDOWS\SYSTEM32\dbgcore.DLL
0x00007fffb2550000 - 0x00007fffb25fc000 	C:\WINDOWS\System32\bcryptPrimitives.dll
0x00007fff3a470000 - 0x00007fff3a480000 	C:\Program Files\Java\latest\jdk-21\bin\instrument.dll
0x00007fff3ac50000 - 0x00007fff3ac71000 	C:\Program Files\Java\latest\jdk-21\bin\java.dll
0x00007fffb3e00000 - 0x00007fffb4598000 	C:\WINDOWS\System32\SHELL32.dll
0x00007fffaf520000 - 0x00007fffafdce000 	C:\WINDOWS\SYSTEM32\windows.storage.dll
0x00007fffb26c0000 - 0x00007fffb27bb000 	C:\WINDOWS\System32\SHCORE.dll
0x00007fffb2bb0000 - 0x00007fffb2c16000 	C:\WINDOWS\System32\shlwapi.dll
0x00007fffb1a10000 - 0x00007fffb1a39000 	C:\WINDOWS\SYSTEM32\profapi.dll
0x00007fff382b0000 - 0x00007fff38387000 	C:\Program Files\Java\latest\jdk-21\bin\jsvml.dll
0x00007fff39e80000 - 0x00007fff39e98000 	C:\Program Files\Java\latest\jdk-21\bin\zip.dll
0x00007fff3a600000 - 0x00007fff3a611000 	C:\Program Files\Java\latest\jdk-21\bin\net.dll
0x00007fffa6f40000 - 0x00007fffa706a000 	C:\WINDOWS\SYSTEM32\WINHTTP.dll
0x00007fffb0d60000 - 0x00007fffb0dcc000 	C:\WINDOWS\system32\mswsock.dll
0x00007fff3a5e0000 - 0x00007fff3a5f6000 	C:\Program Files\Java\latest\jdk-21\bin\nio.dll
0x00007fff43920000 - 0x00007fff43930000 	C:\Program Files\Java\latest\jdk-21\bin\verify.dll
0x00007fff38860000 - 0x00007fff38887000 	C:\Users\Aswin\.gradle\native\1def1411415f61bf3af743bc5b6707747c0891f09f0c88961ee8f79bc544acac\windows-amd64\native-platform.dll
0x00007fff2bdb0000 - 0x00007fff2be28000 	C:\Users\Aswin\.gradle\native\0.2.7\x86_64-windows-gnu\gradle-fileevents.dll
0x00007fff438a0000 - 0x00007fff438aa000 	C:\Program Files\Java\latest\jdk-21\bin\management.dll
0x00007fff3cec0000 - 0x00007fff3cecc000 	C:\Program Files\Java\latest\jdk-21\bin\management_ext.dll
0x00007fffb2c30000 - 0x00007fffb2c38000 	C:\WINDOWS\System32\PSAPI.DLL
0x00007fffb0120000 - 0x00007fffb0153000 	C:\WINDOWS\SYSTEM32\IPHLPAPI.DLL
0x00007fffb45a0000 - 0x00007fffb45aa000 	C:\WINDOWS\System32\NSI.dll
0x00007fff3a5d0000 - 0x00007fff3a5d9000 	C:\Program Files\Java\latest\jdk-21\bin\extnet.dll
0x00007fffb1070000 - 0x00007fffb108b000 	C:\WINDOWS\SYSTEM32\CRYPTSP.dll
0x00007fffb06f0000 - 0x00007fffb0729000 	C:\WINDOWS\system32\rsaenh.dll
0x00007fffb0e10000 - 0x00007fffb0e44000 	C:\WINDOWS\SYSTEM32\USERENV.dll
0x00007fffb19e0000 - 0x00007fffb1a0a000 	C:\WINDOWS\SYSTEM32\bcrypt.dll
0x00007fffb1090000 - 0x00007fffb109c000 	C:\WINDOWS\SYSTEM32\CRYPTBASE.dll
0x00007fff3a440000 - 0x00007fff3a44e000 	C:\Program Files\Java\latest\jdk-21\bin\sunmscapi.dll
0x00007fffb1c60000 - 0x00007fffb1dde000 	C:\WINDOWS\System32\CRYPT32.dll
0x00007fffb12b0000 - 0x00007fffb12e0000 	C:\WINDOWS\SYSTEM32\ncrypt.dll
0x00007fffb1260000 - 0x00007fffb129f000 	C:\WINDOWS\SYSTEM32\NTASN1.dll
0x00007fff88540000 - 0x00007fff88548000 	C:\WINDOWS\system32\wshunix.dll
0x00007fff3ab40000 - 0x00007fff3ab47000 	C:\Program Files\Java\latest\jdk-21\bin\rmi.dll
0x00007fffb01b0000 - 0x00007fffb0308000 	C:\WINDOWS\SYSTEM32\DNSAPI.dll
0x00007fffb0b40000 - 0x00007fffb0b4d000 	C:\WINDOWS\SYSTEM32\DSPARSE.dll
0x00007fffab330000 - 0x00007fffab33b000 	C:\Windows\System32\rasadhlp.dll
0x00007fffa0de0000 - 0x00007fffa0e66000 	C:\WINDOWS\System32\fwpuclnt.dll
0x00007fffb08c0000 - 0x00007fffb08f6000 	C:\WINDOWS\SYSTEM32\ntmarta.dll

dbghelp: loaded successfully - version: 4.0.5 - missing functions: none
symbol engine: initialized successfully - sym options: 0x614 - pdb path: .;C:\Program Files\Java\latest\jdk-21\bin;C:\WINDOWS\SYSTEM32;C:\WINDOWS\WinSxS\amd64_microsoft.windows.common-controls_6595b64144ccf1df_6.0.26100.9278_none_3e0d1ba8e3303201;C:\Program Files\Java\latest\jdk-21\bin\server;C:\Users\Aswin\.gradle\native\1def1411415f61bf3af743bc5b6707747c0891f09f0c88961ee8f79bc544acac\windows-amd64;C:\Users\Aswin\.gradle\native\0.2.7\x86_64-windows-gnu

VM Arguments:
jvm_args: --add-opens=java.base/java.lang=ALL-UNNAMED --add-opens=java.base/java.lang.invoke=ALL-UNNAMED --add-opens=java.base/java.util=ALL-UNNAMED --add-opens=java.prefs/java.util.prefs=ALL-UNNAMED --add-exports=jdk.compiler/com.sun.tools.javac.api=ALL-UNNAMED --add-exports=jdk.compiler/com.sun.tools.javac.util=ALL-UNNAMED --add-opens=java.base/java.util=ALL-UNNAMED --add-opens=java.prefs/java.util.prefs=ALL-UNNAMED --add-opens=java.base/java.nio.charset=ALL-UNNAMED --add-opens=java.base/java.net=ALL-UNNAMED --add-opens=java.base/java.util.concurrent.atomic=ALL-UNNAMED --add-opens=java.xml/javax.xml.namespace=ALL-UNNAMED -XX:MaxMetaspaceSize=512m -Xmx2048m -Dfile.encoding=UTF-8 -Duser.country=IN -Duser.language=en -Duser.variant -javaagent:C:\Users\Aswin\.gradle\wrapper\dists\gradle-8.14.3-bin\cv11ve7ro1n3o1j4so8xd9n66\gradle-8.14.3\lib\agents\gradle-instrumentation-agent-8.14.3.jar 
java_command: org.gradle.launcher.daemon.bootstrap.GradleDaemon 8.14.3
java_class_path (initial): C:\Users\Aswin\.gradle\wrapper\dists\gradle-8.14.3-bin\cv11ve7ro1n3o1j4so8xd9n66\gradle-8.14.3\lib\gradle-daemon-main-8.14.3.jar
Launcher Type: SUN_STANDARD

[Global flags]
     intx CICompilerCount                          = 4                                         {product} {ergonomic}
   size_t CompressedClassSpaceSize                 = 436207616                                 {product} {ergonomic}
     uint ConcGCThreads                            = 3                                         {product} {ergonomic}
     uint G1ConcRefinementThreads                  = 10                                        {product} {ergonomic}
   size_t G1HeapRegionSize                         = 1048576                                   {product} {ergonomic}
    uintx GCDrainStackTargetSize                   = 64                                        {product} {ergonomic}
   size_t InitialHeapSize                          = 130023424                                 {product} {ergonomic}
   size_t MarkStackSize                            = 4194304                                   {product} {ergonomic}
   size_t MaxHeapSize                              = 2147483648                                {product} {command line}
   size_t MaxMetaspaceSize                         = 536870912                                 {product} {command line}
   size_t MaxNewSize                               = 1287651328                                {product} {ergonomic}
   size_t MinHeapDeltaBytes                        = 1048576                                   {product} {ergonomic}
   size_t MinHeapSize                              = 8388608                                   {product} {ergonomic}
    uintx NonNMethodCodeHeapSize                   = 5839372                                {pd product} {ergonomic}
    uintx NonProfiledCodeHeapSize                  = 122909434                              {pd product} {ergonomic}
    uintx ProfiledCodeHeapSize                     = 122909434                              {pd product} {ergonomic}
    uintx ReservedCodeCacheSize                    = 251658240                              {pd product} {ergonomic}
     bool SegmentedCodeCache                       = true                                      {product} {ergonomic}
   size_t SoftMaxHeapSize                          = 2147483648                             {manageable} {ergonomic}
     bool UseCompressedOops                        = true                           {product lp64_product} {ergonomic}
     bool UseG1GC                                  = true                                      {product} {ergonomic}
     bool UseLargePagesIndividualAllocation        = false                                  {pd product} {ergonomic}

Logging:
Log output configuration:
 #0: stdout all=warning uptime,level,tags foldmultilines=false
 #1: stderr all=off uptime,level,tags foldmultilines=false

Environment Variables:
JAVA_HOME=C:\Program Files\Java\latest\jdk-21
PATH=C:\Program Files\Common Files\Oracle\Java\javapath;E:\Scripts\;E:\;C:\WINDOWS\system32;C:\WINDOWS;C:\WINDOWS\System32\Wbem;C:\WINDOWS\System32\WindowsPowerShell\v1.0\;C:\WINDOWS\System32\OpenSSH\;C:\Program Files\Microsoft SQL Server\Client SDK\ODBC\170\Tools\Binn\;C:\Program Files (x86)\Microsoft SQL Server\160\Tools\Binn\;C:\Program Files\Microsoft SQL Server\160\Tools\Binn\;C:\Program Files\Microsoft SQL Server\160\DTS\Binn\;C:\Program Files\Microsoft SQL Server\150\Tools\Binn\;C:\Program Files (x86)\Windows Kits\10\Windows Performance Toolkit\;E:\MPLAB C32 Suite\bin;E:\mb\MPLAB C32 Suite\bin;D:\Git\cmd;D:\Program Files\nodejs\;\\?\C:\Users\Aswin\AppData\Local\Programs\Jan\resources\bin;C:\Users\Aswin\AppData\Local\Programs\Python\Python313\Scripts\;C:\Users\Aswin\AppData\Local\Programs\Python\Python313\;C:\Users\Aswin\AppData\Local\Programs\Python\Launcher\;C:\Users\Aswin\AppData\Local\Microsoft\WindowsApps;C:\Users\Aswin\AppData\Roaming\npm;E:\Antigravity\bin;C:\Users\Aswin\.lmstudio\bin;C:\Users\Aswin\AppData\Local\Python\bin;D:\IntelliJ IDEA 2025.3.2\bin;E:\Microsoft VS Code\bin;D:\Antigravity IDE\bin
USERNAME=Aswin
OS=Windows_NT
PROCESSOR_IDENTIFIER=Intel64 Family 6 Model 154 Stepping 4, GenuineIntel
TMP=C:\Users\Aswin\AppData\Local\Temp
TEMP=C:\Users\Aswin\AppData\Local\Temp




Periodic native trim disabled

---------------  S Y S T E M  ---------------

OS:
 Windows 11 , 64 bit Build 26100 (10.0.26100.9278)
OS uptime: 0 days 0:40 hours
Hyper-V role detected

CPU: total 12 (initial active 12) (6 cores per cpu, 2 threads per core) family 6 model 154 stepping 4 microcode 0x42c, cx8, cmov, fxsr, ht, mmx, 3dnowpref, sse, sse2, sse3, ssse3, sse4.1, sse4.2, popcnt, lzcnt, tsc, tscinvbit, avx, avx2, aes, erms, clmul, bmi1, bmi2, adx, sha, fma, vzeroupper, clflush, clflushopt, clwb, hv, serialize, rdtscp, rdpid, fsrm, f16c, cet_ibt, cet_ss
Processor Information for processor 0
  Max Mhz: 1300, Current Mhz: 1300, Mhz Limit: 1300
Processor Information for processor 1
  Max Mhz: 1300, Current Mhz: 1300, Mhz Limit: 1300
Processor Information for processor 2
  Max Mhz: 1300, Current Mhz: 1300, Mhz Limit: 1300
Processor Information for processor 3
  Max Mhz: 1300, Current Mhz: 1300, Mhz Limit: 1300
Processor Information for processor 4
  Max Mhz: 1300, Current Mhz: 900, Mhz Limit: 897
Processor Information for processor 5
  Max Mhz: 1300, Current Mhz: 900, Mhz Limit: 897
Processor Information for processor 6
  Max Mhz: 1300, Current Mhz: 900, Mhz Limit: 897
Processor Information for processor 7
  Max Mhz: 1300, Current Mhz: 900, Mhz Limit: 897
Processor Information for processor 8
  Max Mhz: 1300, Current Mhz: 900, Mhz Limit: 897
Processor Information for processor 9
  Max Mhz: 1300, Current Mhz: 900, Mhz Limit: 897
Processor Information for processor 10
  Max Mhz: 1300, Current Mhz: 900, Mhz Limit: 897
Processor Information for processor 11
  Max Mhz: 1300, Current Mhz: 900, Mhz Limit: 897

Memory: 4k page, system-wide physical 7896M (469M free)
TotalPageFile size 19697M (AvailPageFile size 119M)
current process WorkingSet (physical memory assigned to process): 814M, peak: 1201M
current process commit charge ("private bytes"): 1560M, peak: 1570M

vm_info: Java HotSpot(TM) 64-Bit Server VM (21.0.10+8-LTS-217) for windows-amd64 JRE (21.0.10+8-LTS-217), built on 2025-12-18T14:59:28Z by "mach5run" with MS VC++ 17.13 (VS2022)

END.
